Previous Coordinates;Current Coordinates;Current Road;Target Road;Google Maps Link;City
37.999055, 23.748807;37.998963, 23.748681;;;https://www.google.com/maps/dir/37.999055,23.748807/37.998963,23.748681;Athens
38.001222, 23.749307;38.001319, 23.749426;;;https://www.google.com/maps/dir/38.001222,23.749307/38.001319,23.749426;Athens
37.998555, 23.713421;37.998433, 23.713349;;;https://www.google.com/maps/dir/37.998555,23.713421/37.998433,23.713349;Athens
37.965546, 23.702398;37.965621, 23.702256;;;https://www.google.com/maps/dir/37.965546,23.702398/37.965621,23.702256;Athens
37.988759, 23.729776;37.988784, 23.729608;;;https://www.google.com/maps/dir/37.988759,23.729776/37.988784,23.729608;Athens
37.968427, 23.723698;37.968561, 23.723682;;;https://www.google.com/maps/dir/37.968427,23.723698/37.968561,23.723682;Athens
37.980952, 23.724235;37.980917, 23.724400;;;https://www.google.com/maps/dir/37.980952,23.724235/37.980917,23.724400;Athens
38.001833, 23.715737;38.001866, 23.715571;;;https://www.google.com/maps/dir/38.001833,23.715737/38.001866,23.715571;Athens
37.960198, 23.743244;37.960120, 23.743104;;;https://www.google.com/maps/dir/37.960198,23.743244/37.960120,23.743104;Athens
37.995416, 23.750181;37.995415, 23.750072;;;https://www.google.com/maps/dir/37.995416,23.750181/37.995415,23.750072;Athens
37.985568, 23.746007;37.985577, 23.745873;;;https://www.google.com/maps/dir/37.985568,23.746007/37.985577,23.745873;Athens
37.976444, 23.755469;37.976532, 23.755339;;;https://www.google.com/maps/dir/37.976444,23.755469/37.976532,23.755339;Athens
37.979454, 23.729687;37.979457, 23.729807;;;https://www.google.com/maps/dir/37.979454,23.729687/37.979457,23.729807;Athens
37.970045, 23.754998;37.970124, 23.755137;;;https://www.google.com/maps/dir/37.970045,23.754998/37.970124,23.755137;Athens
37.985715, 23.744671;37.985740, 23.744503;;;https://www.google.com/maps/dir/37.985715,23.744671/37.985740,23.744503;Athens
37.991088, 23.706193;37.991205, 23.706278;;;https://www.google.com/maps/dir/37.991088,23.706193/37.991205,23.706278;Athens
37.987336, 23.716593;37.987216, 23.716669;;;https://www.google.com/maps/dir/37.987336,23.716593/37.987216,23.716669;Athens
37.969414, 23.707714;37.969548, 23.707691;;;https://www.google.com/maps/dir/37.969414,23.707714/37.969548,23.707691;Athens
38.004983, 23.738562;38.005096, 23.738594;;;https://www.google.com/maps/dir/38.004983,23.738562/38.005096,23.738594;Athens
37.970780, 23.732924;37.970893, 23.733025;;;https://www.google.com/maps/dir/37.970780,23.732924/37.970893,23.733025;Athens
37.974080, 23.714799;37.974049, 23.714966;;;https://www.google.com/maps/dir/37.974080,23.714799/37.974049,23.714966;Athens
37.974390, 23.752341;37.974501, 23.752244;;;https://www.google.com/maps/dir/37.974390,23.752341/37.974501,23.752244;Athens
37.984597, 23.752700;37.984730, 23.752734;;;https://www.google.com/maps/dir/37.984597,23.752700/37.984730,23.752734;Athens
37.967819, 23.700543;37.967932, 23.700636;;;https://www.google.com/maps/dir/37.967819,23.700543/37.967932,23.700636;Athens
38.001234, 23.709216;38.001328, 23.709340;;;https://www.google.com/maps/dir/38.001234,23.709216/38.001328,23.709340;Athens
37.969754, 23.731770;37.969889, 23.731769;;;https://www.google.com/maps/dir/37.969754,23.731770/37.969889,23.731769;Athens
37.991814, 23.705899;37.991887, 23.705754;;;https://www.google.com/maps/dir/37.991814,23.705899/37.991887,23.705754;Athens
37.992683, 23.713953;37.992584, 23.714025;;;https://www.google.com/maps/dir/37.992683,23.713953/37.992584,23.714025;Athens
37.960157, 23.738353;37.960203, 23.738514;;;https://www.google.com/maps/dir/37.960157,23.738353/37.960203,23.738514;Athens
37.997518, 23.708875;37.997395, 23.708715;;;https://www.google.com/maps/dir/37.997518,23.708875/37.997395,23.708715;Athens
37.996198, 23.736998;37.996301, 23.737108;;;https://www.google.com/maps/dir/37.996198,23.736998/37.996301,23.737108;Athens
37.977751, 23.755465;37.977727, 23.755584;;;https://www.google.com/maps/dir/37.977751,23.755465/37.977727,23.755584;Athens
37.986463, 23.719291;37.986474, 23.719461;;;https://www.google.com/maps/dir/37.986463,23.719291/37.986474,23.719461;Athens
37.991983, 23.726227;37.991989, 23.726056;;;https://www.google.com/maps/dir/37.991983,23.726227/37.991989,23.726056;Athens
38.002873, 23.712775;38.002847, 23.712943;;;https://www.google.com/maps/dir/38.002873,23.712775/38.002847,23.712943;Athens
37.957661, 23.735636;37.957531, 23.735680;;;https://www.google.com/maps/dir/37.957661,23.735636/37.957531,23.735680;Athens
37.993839, 23.716941;37.993947, 23.716839;;;https://www.google.com/maps/dir/37.993839,23.716941/37.993947,23.716839;Athens
37.961686, 23.743675;37.961764, 23.743814;;;https://www.google.com/maps/dir/37.961686,23.743675/37.961764,23.743814;Athens
37.972813, 23.706545;37.972726, 23.706414;;;https://www.google.com/maps/dir/37.972813,23.706545/37.972726,23.706414;Athens
37.966792, 23.749142;37.966901, 23.749040;;;https://www.google.com/maps/dir/37.966792,23.749142/37.966901,23.749040;Athens
37.966013, 23.702402;37.965928, 23.702534;;;https://www.google.com/maps/dir/37.966013,23.702402/37.965928,23.702534;Athens
37.989497, 23.730679;37.989325, 23.730637;;;https://www.google.com/maps/dir/37.989497,23.730679/37.989325,23.730637;Athens
37.978989, 23.710337;37.979159, 23.710370;;;https://www.google.com/maps/dir/37.978989,23.710337/37.979159,23.710370;Athens
38.002030, 23.706598;38.002127, 23.706480;;;https://www.google.com/maps/dir/38.002030,23.706598/38.002127,23.706480;Athens
37.966427, 23.703614;37.966548, 23.703690;;;https://www.google.com/maps/dir/37.966427,23.703614/37.966548,23.703690;Athens
37.971869, 23.757215;37.971837, 23.757415;;;https://www.google.com/maps/dir/37.971869,23.757215/37.971837,23.757415;Athens
37.976169, 23.734296;37.976138, 23.734251;;;https://www.google.com/maps/dir/37.976169,23.734296/37.976138,23.734251;Athens
38.002935, 23.725422;38.002801, 23.725394;;;https://www.google.com/maps/dir/38.002935,23.725422/38.002801,23.725394;Athens
37.957045, 23.723337;37.956945, 23.723452;;;https://www.google.com/maps/dir/37.957045,23.723337/37.956945,23.723452;Athens
37.964151, 23.720121;37.964150, 23.720292;;;https://www.google.com/maps/dir/37.964151,23.720121/37.964150,23.720292;Athens
37.959615, 23.741103;37.959696, 23.741240;;;https://www.google.com/maps/dir/37.959615,23.741103/37.959696,23.741240;Athens
37.981805, 23.759986;37.981687, 23.760070;;;https://www.google.com/maps/dir/37.981805,23.759986/37.981687,23.760070;Athens
37.994429, 23.752836;37.994316, 23.752928;;;https://www.google.com/maps/dir/37.994429,23.752836/37.994316,23.752928;Athens
37.979669, 23.747007;37.979797, 23.746955;;;https://www.google.com/maps/dir/37.979669,23.747007/37.979797,23.746955;Athens
37.985548, 23.756006;37.985473, 23.755863;;;https://www.google.com/maps/dir/37.985548,23.756006/37.985473,23.755863;Athens
37.958921, 23.719372;37.959001, 23.719258;;;https://www.google.com/maps/dir/37.958921,23.719372/37.959001,23.719258;Athens
37.976065, 23.714151;37.976102, 23.714111;;;https://www.google.com/maps/dir/37.976065,23.714151/37.976102,23.714111;Athens
38.005046, 23.747841;38.005008, 23.747865;;;https://www.google.com/maps/dir/38.005046,23.747841/38.005008,23.747865;Athens
37.976651, 23.741426;37.976784, 23.741454;;;https://www.google.com/maps/dir/37.976651,23.741426/37.976784,23.741454;Athens
37.981354, 23.716493;37.981289, 23.716344;;;https://www.google.com/maps/dir/37.981354,23.716493/37.981289,23.716344;Athens
37.994822, 23.745978;37.994715, 23.745869;;;https://www.google.com/maps/dir/37.994822,23.745978/37.994715,23.745869;Athens
37.974926, 23.730814;37.975061, 23.730822;;;https://www.google.com/maps/dir/37.974926,23.730814/37.975061,23.730822;Athens
37.970622, 23.713452;37.970572, 23.713611;;;https://www.google.com/maps/dir/37.970622,23.713452/37.970572,23.713611;Athens
37.959507, 23.722979;37.959600, 23.723103;;;https://www.google.com/maps/dir/37.959507,23.722979/37.959600,23.723103;Athens
37.981744, 23.760517;37.981678, 23.760368;;;https://www.google.com/maps/dir/37.981744,23.760517/37.981678,23.760368;Athens
37.998444, 23.717761;37.998462, 23.717592;;;https://www.google.com/maps/dir/37.998444,23.717761/37.998462,23.717592;Athens
37.983760, 23.733544;37.983858, 23.733426;;;https://www.google.com/maps/dir/37.983760,23.733544/37.983858,23.733426;Athens
37.961396, 23.721379;37.961367, 23.721212;;;https://www.google.com/maps/dir/37.961396,23.721379/37.961367,23.721212;Athens
37.991623, 23.726038;37.991488, 23.726032;;;https://www.google.com/maps/dir/37.991623,23.726038/37.991488,23.726032;Athens
37.999581, 23.721918;37.999570, 23.722088;;;https://www.google.com/maps/dir/37.999581,23.721918/37.999570,23.722088;Athens
37.984194, 23.738446;37.984122, 23.738301;;;https://www.google.com/maps/dir/37.984194,23.738446/37.984122,23.738301;Athens
38.007767, 23.745876;38.007667, 23.745906;;;https://www.google.com/maps/dir/38.007767,23.745876/38.007667,23.745906;Athens
38.001858, 23.746700;38.001760, 23.746817;;;https://www.google.com/maps/dir/38.001858,23.746700/38.001760,23.746817;Athens
38.005794, 23.708055;38.005853, 23.708183;;;https://www.google.com/maps/dir/38.005794,23.708055/38.005853,23.708183;Athens
38.001524, 23.751316;38.001570, 23.751476;;;https://www.google.com/maps/dir/38.001524,23.751316/38.001570,23.751476;Athens
37.963465, 23.711174;37.963474, 23.711345;;;https://www.google.com/maps/dir/37.963465,23.711174/37.963474,23.711345;Athens
37.978206, 23.758731;37.978109, 23.758612;;;https://www.google.com/maps/dir/37.978206,23.758731/37.978109,23.758612;Athens
37.991293, 23.710851;37.991224, 23.710704;;;https://www.google.com/maps/dir/37.991293,23.710851/37.991224,23.710704;Athens
37.983118, 23.722820;37.983000, 23.722902;;;https://www.google.com/maps/dir/37.983118,23.722820/37.983000,23.722902;Athens
37.998209, 23.745261;37.998117, 23.745136;;;https://www.google.com/maps/dir/37.998209,23.745261/37.998117,23.745136;Athens
37.985377, 23.744364;37.985248, 23.744314;;;https://www.google.com/maps/dir/37.985377,23.744364/37.985248,23.744314;Athens
37.990630, 23.747392;37.990761, 23.747436;;;https://www.google.com/maps/dir/37.990630,23.747392/37.990761,23.747436;Athens
37.975377, 23.704607;37.975370, 23.704778;;;https://www.google.com/maps/dir/37.975377,23.704607/37.975370,23.704778;Athens
37.969458, 23.723792;37.969515, 23.723637;;;https://www.google.com/maps/dir/37.969458,23.723792/37.969515,23.723637;Athens
38.002138, 23.736221;38.002113, 23.736389;;;https://www.google.com/maps/dir/38.002138,23.736221/38.002113,23.736389;Athens
38.003809, 23.706547;38.003674, 23.706536;;;https://www.google.com/maps/dir/38.003809,23.706547/38.003674,23.706536;Athens
37.969926, 23.756169;37.969958, 23.756003;;;https://www.google.com/maps/dir/37.969926,23.756169/37.969958,23.756003;Athens
37.968452, 23.730443;37.968398, 23.730601;;;https://www.google.com/maps/dir/37.968452,23.730443/37.968398,23.730601;Athens
38.003255, 23.738595;38.003221, 23.738757;;;https://www.google.com/maps/dir/38.003255,23.738595/38.003221,23.738757;Athens
37.994634, 23.699607;37.994575, 23.699499;;;https://www.google.com/maps/dir/37.994634,23.699607/37.994575,23.699499;Athens
37.962501, 23.727096;37.962600, 23.726979;;;https://www.google.com/maps/dir/37.962501,23.727096/37.962600,23.726979;Athens
37.980177, 23.759403;37.980176, 23.759232;;;https://www.google.com/maps/dir/37.980177,23.759403/37.980176,23.759232;Athens
37.963850, 23.712263;37.963819, 23.712096;;;https://www.google.com/maps/dir/37.963850,23.712263/37.963819,23.712096;Athens
37.998992, 23.752587;37.998860, 23.752551;;;https://www.google.com/maps/dir/37.998992,23.752587/37.998860,23.752551;Athens
37.978591, 23.760523;37.978490, 23.760636;;;https://www.google.com/maps/dir/37.978591,23.760523/37.978490,23.760636;Athens
37.966599, 23.709406;37.966475, 23.709338;;;https://www.google.com/maps/dir/37.966599,23.709406/37.966475,23.709338;Athens
37.971877, 23.745708;37.971858, 23.745878;;;https://www.google.com/maps/dir/37.971877,23.745708/37.971858,23.745878;Athens
37.979666, 23.753870;37.979764, 23.753987;;;https://www.google.com/maps/dir/37.979666,23.753870/37.979764,23.753987;Athens
37.976560, 23.738555;37.976426, 23.738530;;;https://www.google.com/maps/dir/37.976560,23.738555/37.976426,23.738530;Athens
37.997355, 23.730034;37.997223, 23.730001;;;https://www.google.com/maps/dir/37.997355,23.730034/37.997223,23.730001;Athens
37.987991, 23.753749;37.988017, 23.753610;;;https://www.google.com/maps/dir/37.987991,23.753749/37.988017,23.753610;Athens
37.975561, 23.698453;37.975552, 23.698624;;;https://www.google.com/maps/dir/37.975561,23.698453/37.975552,23.698624;Athens
37.998086, 23.729861;37.998218, 23.729896;;;https://www.google.com/maps/dir/37.998086,23.729861/37.998218,23.729896;Athens
37.984472, 23.702558;37.984410, 23.702710;;;https://www.google.com/maps/dir/37.984472,23.702558/37.984410,23.702710;Athens
37.995403, 23.733501;37.995432, 23.733314;;;https://www.google.com/maps/dir/37.995403,23.733501/37.995432,23.733314;Athens
37.999784, 23.743875;37.999694, 23.744003;;;https://www.google.com/maps/dir/37.999784,23.743875/37.999694,23.744003;Athens
38.002523, 23.706264;38.002436, 23.706133;;;https://www.google.com/maps/dir/38.002523,23.706264/38.002436,23.706133;Athens
37.994669, 23.712804;37.994546, 23.712875;;;https://www.google.com/maps/dir/37.994669,23.712804/37.994546,23.712875;Athens
38.004196, 23.750209;38.004331, 23.750212;;;https://www.google.com/maps/dir/38.004196,23.750209/38.004331,23.750212;Athens
37.985979, 23.732359;37.986051, 23.732504;;;https://www.google.com/maps/dir/37.985979,23.732359/37.986051,23.732504;Athens
37.959714, 23.736821;37.959839, 23.736734;;;https://www.google.com/maps/dir/37.959714,23.736821/37.959839,23.736734;Athens
37.991146, 23.732970;37.991014, 23.732937;;;https://www.google.com/maps/dir/37.991146,23.732970/37.991014,23.732937;Athens
37.997598, 23.756272;37.997694, 23.756201;;;https://www.google.com/maps/dir/37.997598,23.756272/37.997694,23.756201;Athens
37.968486, 23.725927;37.968351, 23.725943;;;https://www.google.com/maps/dir/37.968486,23.725927/37.968351,23.725943;Athens
37.960047, 23.740468;37.960158, 23.740371;;;https://www.google.com/maps/dir/37.960047,23.740468/37.960158,23.740371;Athens
37.958703, 23.737992;37.958713, 23.738024;;;https://www.google.com/maps/dir/37.958703,23.737992/37.958713,23.738024;Athens
37.991708, 23.756809;37.991839, 23.756852;;;https://www.google.com/maps/dir/37.991708,23.756809/37.991839,23.756852;Athens
38.000604, 23.711366;38.000730, 23.711428;;;https://www.google.com/maps/dir/38.000604,23.711366/38.000730,23.711428;Athens
37.979360, 23.741575;37.979430, 23.741428;;;https://www.google.com/maps/dir/37.979360,23.741575/37.979430,23.741428;Athens
37.983407, 23.728738;37.983293, 23.728830;;;https://www.google.com/maps/dir/37.983407,23.728738/37.983293,23.728830;Athens
37.990867, 23.749310;37.990997, 23.749354;;;https://www.google.com/maps/dir/37.990867,23.749310/37.990997,23.749354;Athens
37.982168, 23.756116;37.982303, 23.756123;;;https://www.google.com/maps/dir/37.982168,23.756116/37.982303,23.756123;Athens
37.964144, 23.721225;37.964143, 23.721396;;;https://www.google.com/maps/dir/37.964144,23.721225/37.964143,23.721396;Athens
38.008387, 23.714512;38.008288, 23.714396;;;https://www.google.com/maps/dir/38.008387,23.714512/38.008288,23.714396;Athens
37.967296, 23.702750;37.967234, 23.702902;;;https://www.google.com/maps/dir/37.967296,23.702750/37.967234,23.702902;Athens
37.980720, 23.706396;37.980650, 23.706543;;;https://www.google.com/maps/dir/37.980720,23.706396/37.980650,23.706543;Athens
37.973907, 23.714166;37.973960, 23.714008;;;https://www.google.com/maps/dir/37.973907,23.714166/37.973960,23.714008;Athens
37.986449, 23.755250;37.986419, 23.755417;;;https://www.google.com/maps/dir/37.986449,23.755250/37.986419,23.755417;Athens
37.964124, 23.746352;37.964234, 23.746253;;;https://www.google.com/maps/dir/37.964124,23.746352/37.964234,23.746253;Athens
37.995412, 23.717054;37.995546, 23.717079;;;https://www.google.com/maps/dir/37.995412,23.717054/37.995546,23.717079;Athens
37.959613, 23.732772;37.959577, 23.732607;;;https://www.google.com/maps/dir/37.959613,23.732772/37.959577,23.732607;Athens
38.003206, 23.741302;38.003135, 23.741219;;;https://www.google.com/maps/dir/38.003206,23.741302/38.003135,23.741219;Athens
38.004076, 23.723312;38.004097, 23.723143;;;https://www.google.com/maps/dir/38.004076,23.723312/38.004097,23.723143;Athens
37.986901, 23.724646;37.986769, 23.724611;;;https://www.google.com/maps/dir/37.986901,23.724646/37.986769,23.724611;Athens
37.971911, 23.757052;37.971869, 23.757215;;;https://www.google.com/maps/dir/37.971911,23.757052/37.971869,23.757215;Athens
37.967262, 23.699139;37.967337, 23.698997;;;https://www.google.com/maps/dir/37.967262,23.699139/37.967337,23.698997;Athens
37.982135, 23.753848;37.982093, 23.753908;;;https://www.google.com/maps/dir/37.982135,23.753848/37.982093,23.753908;Athens
37.984229, 23.727414;37.984259, 23.727229;;;https://www.google.com/maps/dir/37.984229,23.727414/37.984259,23.727229;Athens
37.989812, 23.745109;37.989680, 23.745074;;;https://www.google.com/maps/dir/37.989812,23.745109/37.989680,23.745074;Athens
37.997515, 23.738204;37.997434, 23.738340;;;https://www.google.com/maps/dir/37.997515,23.738204/37.997434,23.738340;Athens
37.991003, 23.741201;37.990871, 23.741167;;;https://www.google.com/maps/dir/37.991003,23.741201/37.990871,23.741167;Athens
37.969481, 23.742787;37.969587, 23.742681;;;https://www.google.com/maps/dir/37.969481,23.742787/37.969587,23.742681;Athens
37.959910, 23.736082;37.959783, 23.736138;;;https://www.google.com/maps/dir/37.959910,23.736082/37.959783,23.736138;Athens
37.992089, 23.752043;37.992058, 23.752209;;;https://www.google.com/maps/dir/37.992089,23.752043/37.992058,23.752209;Athens
37.998735, 23.704654;37.998627, 23.704757;;;https://www.google.com/maps/dir/37.998735,23.704654/37.998627,23.704757;Athens
38.006286, 23.740117;38.006419, 23.740150;;;https://www.google.com/maps/dir/38.006286,23.740117/38.006419,23.740150;Athens
37.998104, 23.727569;37.998238, 23.727567;;;https://www.google.com/maps/dir/37.998104,23.727569/37.998238,23.727567;Athens
37.985169, 23.754610;37.985038, 23.754570;;;https://www.google.com/maps/dir/37.985169,23.754610/37.985038,23.754570;Athens
37.973533, 23.755641;37.973539, 23.755502;;;https://www.google.com/maps/dir/37.973533,23.755641/37.973539,23.755502;Athens
37.991464, 23.709743;37.991527, 23.709894;;;https://www.google.com/maps/dir/37.991464,23.709743/37.991527,23.709894;Athens
40.647537, 22.961393;40.647441, 22.961517;;;https://www.google.com/maps/dir/40.647537,22.961393/40.647441,22.961517;Thessaloniki
40.655319, 22.954373;40.655343, 22.954515;;;https://www.google.com/maps/dir/40.655319,22.954373/40.655343,22.954515;Thessaloniki
40.639937, 22.943336;40.639924, 22.943317;;;https://www.google.com/maps/dir/40.639937,22.943336/40.639924,22.943317;Thessaloniki
40.622428, 22.959769;40.622495, 22.959923;;;https://www.google.com/maps/dir/40.622428,22.959769/40.622495,22.959923;Thessaloniki
40.645504, 22.925366;40.645424, 22.925284;;;https://www.google.com/maps/dir/40.645504,22.925366/40.645424,22.925284;Thessaloniki
40.652565, 22.955688;40.652456, 22.955584;;;https://www.google.com/maps/dir/40.652565,22.955688/40.652456,22.955584;Thessaloniki
40.650991, 22.927366;40.651116, 22.927434;;;https://www.google.com/maps/dir/40.650991,22.927366/40.651116,22.927434;Thessaloniki
40.654883, 22.923609;40.655013, 22.923654;;;https://www.google.com/maps/dir/40.654883,22.923609/40.655013,22.923654;Thessaloniki
40.626080, 22.959812;40.626120, 22.959982;;;https://www.google.com/maps/dir/40.626080,22.959812/40.626120,22.959982;Thessaloniki
40.657922, 22.959645;40.657956, 22.959688;;;https://www.google.com/maps/dir/40.657922,22.959645/40.657956,22.959688;Thessaloniki
40.658250, 22.961575;40.658165, 22.961713;;;https://www.google.com/maps/dir/40.658250,22.961575/40.658165,22.961713;Thessaloniki
40.642943, 22.952180;40.642862, 22.952237;;;https://www.google.com/maps/dir/40.642943,22.952180/40.642862,22.952237;Thessaloniki
40.649449, 22.926592;40.649490, 22.926761;;;https://www.google.com/maps/dir/40.649449,22.926592/40.649490,22.926761;Thessaloniki
40.635766, 22.960113;40.635697, 22.959961;;;https://www.google.com/maps/dir/40.635766,22.960113/40.635697,22.959961;Thessaloniki
40.648980, 22.928883;40.649109, 22.928829;;;https://www.google.com/maps/dir/40.648980,22.928883/40.649109,22.928829;Thessaloniki
40.659776, 22.957611;40.659807, 22.957622;;;https://www.google.com/maps/dir/40.659776,22.957611/40.659807,22.957622;Thessaloniki
40.642209, 22.950308;40.642128, 22.950451;;;https://www.google.com/maps/dir/40.642209,22.950308/40.642128,22.950451;Thessaloniki
40.630204, 22.964353;40.630319, 22.964512;;;https://www.google.com/maps/dir/40.630204,22.964353/40.630319,22.964512;Thessaloniki
40.646989, 22.956323;40.647011, 22.956212;;;https://www.google.com/maps/dir/40.646989,22.956323/40.647011,22.956212;Thessaloniki
40.644522, 22.957530;40.644534, 22.957708;;;https://www.google.com/maps/dir/40.644522,22.957530/40.644534,22.957708;Thessaloniki
40.643845, 22.965354;40.643858, 22.965531;;;https://www.google.com/maps/dir/40.643845,22.965354/40.643858,22.965531;Thessaloniki
40.639683, 22.959488;40.639648, 22.959567;;;https://www.google.com/maps/dir/40.639683,22.959488/40.639648,22.959567;Thessaloniki
40.636746, 22.949705;40.636614, 22.949744;;;https://www.google.com/maps/dir/40.636746,22.949705/40.636614,22.949744;Thessaloniki
40.639815, 22.961028;40.639855, 22.961197;;;https://www.google.com/maps/dir/40.639815,22.961028/40.639855,22.961197;Thessaloniki
40.642469, 22.931093;40.642574, 22.931189;;;https://www.google.com/maps/dir/40.642469,22.931093/40.642574,22.931189;Thessaloniki
40.653541, 22.930432;40.653419, 22.930509;;;https://www.google.com/maps/dir/40.653541,22.930432/40.653419,22.930509;Thessaloniki
40.638835, 22.938420;40.638739, 22.938333;;;https://www.google.com/maps/dir/40.638835,22.938420/40.638739,22.938333;Thessaloniki
40.654056, 22.920056;40.653970, 22.920194;;;https://www.google.com/maps/dir/40.654056,22.920056/40.653970,22.920194;Thessaloniki
40.634598, 22.959704;40.634592, 22.959696;;;https://www.google.com/maps/dir/40.634598,22.959704/40.634592,22.959696;Thessaloniki
40.657401, 22.947219;40.657367, 22.947392;;;https://www.google.com/maps/dir/40.657401,22.947219/40.657367,22.947392;Thessaloniki
40.657244, 22.949033;40.657349, 22.949146;;;https://www.google.com/maps/dir/40.657244,22.949033/40.657349,22.949146;Thessaloniki
40.633153, 22.950830;40.633093, 22.950847;;;https://www.google.com/maps/dir/40.633153,22.950830/40.633093,22.950847;Thessaloniki
40.657991, 22.956733;40.657910, 22.956699;;;https://www.google.com/maps/dir/40.657991,22.956733/40.657910,22.956699;Thessaloniki
40.652473, 22.948716;40.652578, 22.948827;;;https://www.google.com/maps/dir/40.652473,22.948716/40.652578,22.948827;Thessaloniki
40.652446, 22.958151;40.652519, 22.958270;;;https://www.google.com/maps/dir/40.652446,22.958151/40.652519,22.958270;Thessaloniki
40.651863, 22.938573;40.651947, 22.938712;;;https://www.google.com/maps/dir/40.651863,22.938573/40.651947,22.938712;Thessaloniki
40.655837, 22.939714;40.655907, 22.939827;;;https://www.google.com/maps/dir/40.655837,22.939714/40.655907,22.939827;Thessaloniki
40.654177, 22.925967;40.654089, 22.926102;;;https://www.google.com/maps/dir/40.654177,22.925967/40.654089,22.926102;Thessaloniki
40.643188, 22.955422;40.643234, 22.955465;;;https://www.google.com/maps/dir/40.643188,22.955422/40.643234,22.955465;Thessaloniki
40.641766, 22.944979;40.641679, 22.944861;;;https://www.google.com/maps/dir/40.641766,22.944979/40.641679,22.944861;Thessaloniki
40.628447, 22.952917;40.628451, 22.953095;;;https://www.google.com/maps/dir/40.628447,22.952917/40.628451,22.953095;Thessaloniki
40.656294, 22.951825;40.656167, 22.951884;;;https://www.google.com/maps/dir/40.656294,22.951825/40.656167,22.951884;Thessaloniki
40.639369, 22.953974;40.639457, 22.953840;;;https://www.google.com/maps/dir/40.639369,22.953974/40.639457,22.953840;Thessaloniki
40.646422, 22.922492;40.646305, 22.922403;;;https://www.google.com/maps/dir/40.646422,22.922492/40.646305,22.922403;Thessaloniki
40.652464, 22.928344;40.652571, 22.928452;;;https://www.google.com/maps/dir/40.652464,22.928344/40.652571,22.928452;Thessaloniki
40.641834, 22.948788;40.641761, 22.948900;;;https://www.google.com/maps/dir/40.641834,22.948788/40.641761,22.948900;Thessaloniki
40.647399, 22.931251;40.647377, 22.931257;;;https://www.google.com/maps/dir/40.647399,22.931251/40.647377,22.931257;Thessaloniki
40.651564, 22.934164;40.651699, 22.934173;;;https://www.google.com/maps/dir/40.651564,22.934164/40.651699,22.934173;Thessaloniki
40.638335, 22.947581;40.638447, 22.947681;;;https://www.google.com/maps/dir/40.638335,22.947581/40.638447,22.947681;Thessaloniki
40.650044, 22.958738;40.649935, 22.958841;;;https://www.google.com/maps/dir/40.650044,22.958738/40.649935,22.958841;Thessaloniki
40.648539, 22.962866;40.648455, 22.962929;;;https://www.google.com/maps/dir/40.648539,22.962866/40.648455,22.962929;Thessaloniki
40.657282, 22.956136;40.657385, 22.956251;;;https://www.google.com/maps/dir/40.657282,22.956136/40.657385,22.956251;Thessaloniki
40.648661, 22.947592;40.648757, 22.947467;;;https://www.google.com/maps/dir/40.648661,22.947592/40.648757,22.947467;Thessaloniki
40.629031, 22.950826;40.629142, 22.950927;;;https://www.google.com/maps/dir/40.629031,22.950826/40.629142,22.950927;Thessaloniki
40.645743, 22.943152;40.645747, 22.942974;;;https://www.google.com/maps/dir/40.645743,22.943152/40.645747,22.942974;Thessaloniki
40.644172, 22.936308;40.644098, 22.936457;;;https://www.google.com/maps/dir/40.644172,22.936308/40.644098,22.936457;Thessaloniki
40.648834, 22.937406;40.648937, 22.937522;;;https://www.google.com/maps/dir/40.648834,22.937406/40.648937,22.937522;Thessaloniki
40.629274, 22.950166;40.629368, 22.950265;;;https://www.google.com/maps/dir/40.629274,22.950166/40.629368,22.950265;Thessaloniki
40.655858, 22.924695;40.655983, 22.924762;;;https://www.google.com/maps/dir/40.655858,22.924695/40.655983,22.924762;Thessaloniki
40.649288, 22.940795;40.649308, 22.940655;;;https://www.google.com/maps/dir/40.649288,22.940795/40.649308,22.940655;Thessaloniki
40.648443, 22.960122;40.648566, 22.960058;;;https://www.google.com/maps/dir/40.648443,22.960122/40.648566,22.960058;Thessaloniki
40.652376, 22.921243;40.652325, 22.921407;;;https://www.google.com/maps/dir/40.652376,22.921243/40.652325,22.921407;Thessaloniki
40.645880, 22.959923;40.645826, 22.959892;;;https://www.google.com/maps/dir/40.645880,22.959923/40.645826,22.959892;Thessaloniki
40.655138, 22.938563;40.655272, 22.938548;;;https://www.google.com/maps/dir/40.655138,22.938563/40.655272,22.938548;Thessaloniki
40.641048, 22.952378;40.641061, 22.952345;;;https://www.google.com/maps/dir/40.641048,22.952378/40.641061,22.952345;Thessaloniki
40.630973, 22.967089;40.630885, 22.967119;;;https://www.google.com/maps/dir/40.630973,22.967089/40.630885,22.967119;Thessaloniki
40.640412, 22.935307;40.640339, 22.935456;;;https://www.google.com/maps/dir/40.640412,22.935307/40.640339,22.935456;Thessaloniki
40.649440, 22.944636;40.649534, 22.944764;;;https://www.google.com/maps/dir/40.649440,22.944636/40.649534,22.944764;Thessaloniki
40.641074, 22.930644;40.640995, 22.930788;;;https://www.google.com/maps/dir/40.641074,22.930644/40.640995,22.930788;Thessaloniki
40.635050, 22.947505;40.635163, 22.947603;;;https://www.google.com/maps/dir/40.635050,22.947505/40.635163,22.947603;Thessaloniki
40.656134, 22.931798;40.656115, 22.931974;;;https://www.google.com/maps/dir/40.656134,22.931798/40.656115,22.931974;Thessaloniki
40.650033, 22.960593;40.650158, 22.960663;;;https://www.google.com/maps/dir/40.650033,22.960593/40.650158,22.960663;Thessaloniki
40.631149, 22.953352;40.631230, 22.953200;;;https://www.google.com/maps/dir/40.631149,22.953352/40.631230,22.953200;Thessaloniki
40.651139, 22.922780;40.651139, 22.922602;;;https://www.google.com/maps/dir/40.651139,22.922780/40.651139,22.922602;Thessaloniki
40.656006, 22.944438;40.656088, 22.944580;;;https://www.google.com/maps/dir/40.656006,22.944438/40.656088,22.944580;Thessaloniki
40.649305, 22.962192;40.649283, 22.962017;;;https://www.google.com/maps/dir/40.649305,22.962192/40.649283,22.962017;Thessaloniki
40.648301, 22.926727;40.648194, 22.926619;;;https://www.google.com/maps/dir/40.648301,22.926727/40.648194,22.926619;Thessaloniki
40.644297, 22.933152;40.644250, 22.932986;;;https://www.google.com/maps/dir/40.644297,22.933152/40.644250,22.932986;Thessaloniki
40.661790, 22.949485;40.661752, 22.949655;;;https://www.google.com/maps/dir/40.661790,22.949485/40.661752,22.949655;Thessaloniki
40.631874, 22.967140;40.631866, 22.967180;;;https://www.google.com/maps/dir/40.631874,22.967140/40.631866,22.967180;Thessaloniki
40.650087, 22.940720;40.650008, 22.940576;;;https://www.google.com/maps/dir/40.650087,22.940720/40.650008,22.940576;Thessaloniki
40.646876, 22.951926;40.646967, 22.951795;;;https://www.google.com/maps/dir/40.646876,22.951926/40.646967,22.951795;Thessaloniki
40.643918, 22.945867;40.643923, 22.945935;;;https://www.google.com/maps/dir/40.643918,22.945867/40.643923,22.945935;Thessaloniki
40.653451, 22.951021;40.653541, 22.950889;;;https://www.google.com/maps/dir/40.653451,22.951021/40.653541,22.950889;Thessaloniki
40.650629, 22.957368;40.650646, 22.957370;;;https://www.google.com/maps/dir/40.650629,22.957368/40.650646,22.957370;Thessaloniki
40.650347, 22.948331;40.650254, 22.948459;;;https://www.google.com/maps/dir/40.650347,22.948331/40.650254,22.948459;Thessaloniki
40.630844, 22.942370;40.630760, 22.942509;;;https://www.google.com/maps/dir/40.630844,22.942370/40.630760,22.942509;Thessaloniki
40.647746, 22.943997;40.647844, 22.943874;;;https://www.google.com/maps/dir/40.647746,22.943997/40.647844,22.943874;Thessaloniki
40.657818, 22.925827;40.657761, 22.926048;;;https://www.google.com/maps/dir/40.657818,22.925827/40.657761,22.926048;Thessaloniki
40.643273, 22.946348;40.643142, 22.946304;;;https://www.google.com/maps/dir/40.643273,22.946348/40.643142,22.946304;Thessaloniki
40.637714, 22.942586;40.637828, 22.942682;;;https://www.google.com/maps/dir/40.637714,22.942586/40.637828,22.942682;Thessaloniki
40.644160, 22.964486;40.644162, 22.964565;;;https://www.google.com/maps/dir/40.644160,22.964486/40.644162,22.964565;Thessaloniki
40.633989, 22.958357;40.633955, 22.958529;;;https://www.google.com/maps/dir/40.633989,22.958357/40.633955,22.958529;Thessaloniki
40.647664, 22.936953;40.647541, 22.937027;;;https://www.google.com/maps/dir/40.647664,22.936953/40.647541,22.937027;Thessaloniki
40.645274, 22.949064;40.645298, 22.949231;;;https://www.google.com/maps/dir/40.645274,22.949064/40.645298,22.949231;Thessaloniki
40.651475, 22.948624;40.651559, 22.948485;;;https://www.google.com/maps/dir/40.651475,22.948624/40.651559,22.948485;Thessaloniki
40.649364, 22.923214;40.649251, 22.923116;;;https://www.google.com/maps/dir/40.649364,22.923214/40.649251,22.923116;Thessaloniki
40.629278, 22.962578;40.629399, 22.962498;;;https://www.google.com/maps/dir/40.629278,22.962578/40.629399,22.962498;Thessaloniki
40.653025, 22.921733;40.652943, 22.921874;;;https://www.google.com/maps/dir/40.653025,22.921733/40.652943,22.921874;Thessaloniki
40.647155, 22.947305;40.647141, 22.947312;;;https://www.google.com/maps/dir/40.647155,22.947305/40.647141,22.947312;Thessaloniki
38.228386, 21.732698;38.228421, 21.732575;;;https://www.google.com/maps/dir/38.228386,21.732698/38.228421,21.732575;Patras
38.240714, 21.728754;38.240848, 21.728777;;;https://www.google.com/maps/dir/38.240714,21.728754/38.240848,21.728777;Patras
38.232990, 21.730549;38.232856, 21.730568;;;https://www.google.com/maps/dir/38.232990,21.730549/38.232856,21.730568;Patras
38.243842, 21.753088;38.243936, 21.753211;;;https://www.google.com/maps/dir/38.243842,21.753088/38.243936,21.753211;Patras
38.262983, 21.743798;38.262852, 21.743757;;;https://www.google.com/maps/dir/38.262983,21.743798/38.262852,21.743757;Patras
38.240652, 21.751536;38.240781, 21.751587;;;https://www.google.com/maps/dir/38.240652,21.751536/38.240781,21.751587;Patras
38.229895, 21.730522;38.229768, 21.730463;;;https://www.google.com/maps/dir/38.229895,21.730522/38.229768,21.730463;Patras
38.255834, 21.744601;38.255874, 21.744766;;;https://www.google.com/maps/dir/38.255834,21.744601/38.255874,21.744766;Patras
38.249532, 21.735835;38.249628, 21.735956;;;https://www.google.com/maps/dir/38.249532,21.735835/38.249628,21.735956;Patras
38.252832, 21.738243;38.252964, 21.738279;;;https://www.google.com/maps/dir/38.252832,21.738243/38.252964,21.738279;Patras
38.240301, 21.729291;38.240167, 21.729268;;;https://www.google.com/maps/dir/38.240301,21.729291/38.240167,21.729268;Patras
38.234823, 21.740791;38.234826, 21.740963;;;https://www.google.com/maps/dir/38.234823,21.740791/38.234826,21.740963;Patras
38.250912, 21.745144;38.250941, 21.745083;;;https://www.google.com/maps/dir/38.250912,21.745144/38.250941,21.745083;Patras
38.239970, 21.733151;38.239949, 21.733320;;;https://www.google.com/maps/dir/38.239970,21.733151/38.239949,21.733320;Patras
38.259647, 21.740183;38.259761, 21.740274;;;https://www.google.com/maps/dir/38.259647,21.740183/38.259761,21.740274;Patras
38.246609, 21.741043;38.246502, 21.740938;;;https://www.google.com/maps/dir/38.246609,21.741043/38.246502,21.740938;Patras
38.243672, 21.742718;38.243768, 21.742793;;;https://www.google.com/maps/dir/38.243672,21.742718/38.243768,21.742793;Patras
38.236482, 21.732131;38.236521, 21.732296;;;https://www.google.com/maps/dir/38.236482,21.732131/38.236521,21.732296;Patras
38.257025, 21.742320;38.257153, 21.742376;;;https://www.google.com/maps/dir/38.257025,21.742320/38.257153,21.742376;Patras
38.243945, 21.754803;38.243834, 21.754704;;;https://www.google.com/maps/dir/38.243945,21.754803/38.243834,21.754704;Patras
38.238440, 21.752113;38.238494, 21.751983;;;https://www.google.com/maps/dir/38.238440,21.752113/38.238494,21.751983;Patras
38.253709, 21.738312;38.253752, 21.738149;;;https://www.google.com/maps/dir/38.253709,21.738312/38.253752,21.738149;Patras
38.250939, 21.744658;38.251065, 21.744718;;;https://www.google.com/maps/dir/38.250939,21.744658/38.251065,21.744718;Patras
38.233302, 21.745122;38.233198, 21.745014;;;https://www.google.com/maps/dir/38.233302,21.745122/38.233198,21.745014;Patras
38.233916, 21.746156;38.234038, 21.746082;;;https://www.google.com/maps/dir/38.233916,21.746156/38.234038,21.746082;Patras
38.254606, 21.753322;38.254536, 21.753468;;;https://www.google.com/maps/dir/38.254606,21.753322/38.254536,21.753468;Patras
38.233442, 21.731728;38.233577, 21.731733;;;https://www.google.com/maps/dir/38.233442,21.731728/38.233577,21.731733;Patras
38.237244, 21.739264;38.237109, 21.739277;;;https://www.google.com/maps/dir/38.237244,21.739264/38.237109,21.739277;Patras
38.239634, 21.751425;38.239759, 21.751490;;;https://www.google.com/maps/dir/38.239634,21.751425/38.239759,21.751490;Patras
38.261310, 21.748739;38.261433, 21.748809;;;https://www.google.com/maps/dir/38.261310,21.748739/38.261433,21.748809;Patras
38.238323, 21.740433;38.238274, 21.740534;;;https://www.google.com/maps/dir/38.238323,21.740433/38.238274,21.740534;Patras
38.239366, 21.744999;38.239432, 21.744848;;;https://www.google.com/maps/dir/38.239366,21.744999/38.239432,21.744848;Patras
38.238323, 21.747328;38.238441, 21.747411;;;https://www.google.com/maps/dir/38.238323,21.747328/38.238441,21.747411;Patras
38.257161, 21.751710;38.257050, 21.751612;;;https://www.google.com/maps/dir/38.257161,21.751710/38.257050,21.751612;Patras
38.238102, 21.748243;38.238040, 21.748395;;;https://www.google.com/maps/dir/38.238102,21.748243/38.238040,21.748395;Patras
38.243785, 21.739838;38.243727, 21.739993;;;https://www.google.com/maps/dir/38.243785,21.739838/38.243727,21.739993;Patras
38.258513, 21.746900;38.258640, 21.746958;;;https://www.google.com/maps/dir/38.258513,21.746900/38.258640,21.746958;Patras
38.238879, 21.753001;38.238813, 21.753151;;;https://www.google.com/maps/dir/38.238879,21.753001/38.238813,21.753151;Patras
38.252149, 21.745992;38.252191, 21.746123;;;https://www.google.com/maps/dir/38.252149,21.745992/38.252191,21.746123;Patras
38.234570, 21.746398;38.234640, 21.746491;;;https://www.google.com/maps/dir/38.234570,21.746398/38.234640,21.746491;Patras
38.228614, 21.736653;38.228722, 21.736607;;;https://www.google.com/maps/dir/38.228614,21.736653/38.228722,21.736607;Patras
38.229066, 21.727727;38.229195, 21.727775;;;https://www.google.com/maps/dir/38.229066,21.727727/38.229195,21.727775;Patras
38.242261, 21.726534;38.242127, 21.726518;;;https://www.google.com/maps/dir/38.242261,21.726534/38.242127,21.726518;Patras
38.232736, 21.740889;38.232737, 21.741061;;;https://www.google.com/maps/dir/38.232736,21.740889/38.232737,21.741061;Patras
38.258544, 21.746116;38.258420, 21.746050;;;https://www.google.com/maps/dir/38.258544,21.746116/38.258420,21.746050;Patras
38.259780, 21.747983;38.259830, 21.747850;;;https://www.google.com/maps/dir/38.259780,21.747983/38.259830,21.747850;Patras
38.233093, 21.742376;38.233098, 21.742547;;;https://www.google.com/maps/dir/38.233093,21.742376/38.233098,21.742547;Patras
38.251108, 21.746145;38.251231, 21.746074;;;https://www.google.com/maps/dir/38.251108,21.746145/38.251231,21.746074;Patras
38.239441, 21.728532;38.239574, 21.728558;;;https://www.google.com/maps/dir/38.239441,21.728532/38.239574,21.728558;Patras
38.231245, 21.734822;38.231167, 21.734962;;;https://www.google.com/maps/dir/38.231245,21.734822/38.231167,21.734962;Patras
38.247899, 21.742172;38.247928, 21.742340;;;https://www.google.com/maps/dir/38.247899,21.742172/38.247928,21.742340;Patras
38.249079, 21.739382;38.249174, 21.739504;;;https://www.google.com/maps/dir/38.249079,21.739382/38.249174,21.739504;Patras
38.241672, 21.729851;38.241767, 21.729973;;;https://www.google.com/maps/dir/38.241672,21.729851/38.241767,21.729973;Patras
38.232018, 21.737298;38.231965, 21.737456;;;https://www.google.com/maps/dir/38.232018,21.737298/38.231965,21.737456;Patras
38.232364, 21.740905;38.232370, 21.741076;;;https://www.google.com/maps/dir/38.232364,21.740905/38.232370,21.741076;Patras
38.241096, 21.726508;38.241199, 21.726531;;;https://www.google.com/maps/dir/38.241096,21.726508/38.241199,21.726531;Patras
38.230987, 21.743196;38.231069, 21.743059;;;https://www.google.com/maps/dir/38.230987,21.743196/38.231069,21.743059;Patras
38.239351, 21.741399;38.239289, 21.741551;;;https://www.google.com/maps/dir/38.239351,21.741399/38.239289,21.741551;Patras
38.236051, 21.727022;38.235918, 21.727001;;;https://www.google.com/maps/dir/38.236051,21.727022/38.235918,21.727001;Patras
38.251347, 21.742436;38.251335, 21.742465;;;https://www.google.com/maps/dir/38.251347,21.742436/38.251335,21.742465;Patras
38.230274, 21.743413;38.230168, 21.743307;;;https://www.google.com/maps/dir/38.230274,21.743413/38.230168,21.743307;Patras
38.233904, 21.732660;38.233770, 21.732679;;;https://www.google.com/maps/dir/38.233904,21.732660/38.233770,21.732679;Patras
38.235704, 21.729258;38.235704, 21.729086;;;https://www.google.com/maps/dir/38.235704,21.729258/38.235704,21.729086;Patras
38.251772, 21.746518;38.251663, 21.746418;;;https://www.google.com/maps/dir/38.251772,21.746518/38.251663,21.746418;Patras
38.257067, 21.744573;38.256940, 21.744517;;;https://www.google.com/maps/dir/38.257067,21.744573/38.256940,21.744517;Patras
38.238426, 21.745145;38.238508, 21.745142;;;https://www.google.com/maps/dir/38.238426,21.745145/38.238508,21.745142;Patras
38.237689, 21.748080;38.237746, 21.747925;;;https://www.google.com/maps/dir/38.237689,21.748080/38.237746,21.747925;Patras
38.252491, 21.744059;38.252382, 21.743958;;;https://www.google.com/maps/dir/38.252491,21.744059/38.252382,21.743958;Patras
38.243891, 21.752114;38.243988, 21.752234;;;https://www.google.com/maps/dir/38.243891,21.752114/38.243988,21.752234;Patras
38.236711, 21.749813;38.236611, 21.749927;;;https://www.google.com/maps/dir/38.236711,21.749813/38.236611,21.749927;Patras
38.231561, 21.732666;38.231591, 21.732833;;;https://www.google.com/maps/dir/38.231561,21.732666/38.231591,21.732833;Patras
38.251862, 21.745748;38.251815, 21.745909;;;https://www.google.com/maps/dir/38.251862,21.745748/38.251815,21.745909;Patras
38.235370, 21.751364;38.235383, 21.751332;;;https://www.google.com/maps/dir/38.235370,21.751364/38.235383,21.751332;Patras
38.247330, 21.732300;38.247234, 21.732179;;;https://www.google.com/maps/dir/38.247330,21.732300/38.247234,21.732179;Patras
38.234079, 21.733387;38.233953, 21.733447;;;https://www.google.com/maps/dir/38.234079,21.733387/38.233953,21.733447;Patras
38.247211, 21.741696;38.247311, 21.741811;;;https://www.google.com/maps/dir/38.247211,21.741696/38.247311,21.741811;Patras
38.260084, 21.739691;38.260209, 21.739755;;;https://www.google.com/maps/dir/38.260084,21.739691/38.260209,21.739755;Patras
38.244065, 21.728734;38.243968, 21.728853;;;https://www.google.com/maps/dir/38.244065,21.728734/38.243968,21.728853;Patras
38.246672, 21.731084;38.246613, 21.730930;;;https://www.google.com/maps/dir/38.246672,21.731084/38.246613,21.730930;Patras
38.245794, 21.743195;38.245792, 21.743023;;;https://www.google.com/maps/dir/38.245794,21.743195/38.245792,21.743023;Patras
35.338167, 25.137149;35.338033, 25.137131;;;https://www.google.com/maps/dir/35.338167,25.137149/35.338033,25.137131;Heraklion
35.323442, 25.144064;35.323309, 25.144037;;;https://www.google.com/maps/dir/35.323442,25.144064/35.323309,25.144037;Heraklion
35.328584, 25.131337;35.328450, 25.131317;;;https://www.google.com/maps/dir/35.328584,25.131337/35.328450,25.131317;Heraklion
35.325256, 25.152101;35.325402, 25.152140;;;https://www.google.com/maps/dir/35.325256,25.152101/35.325402,25.152140;Heraklion
35.325290, 25.131199;35.325208, 25.131211;;;https://www.google.com/maps/dir/35.325290,25.131199/35.325208,25.131211;Heraklion
35.334210, 25.144790;35.334345, 25.144796;;;https://www.google.com/maps/dir/35.334210,25.144790/35.334345,25.144796;Heraklion
35.329309, 25.135384;35.329263, 25.135229;;;https://www.google.com/maps/dir/35.329309,25.135384/35.329263,25.135229;Heraklion
35.336813, 25.163262;35.336813, 25.163097;;;https://www.google.com/maps/dir/35.336813,25.163262/35.336813,25.163097;Heraklion
35.327744, 25.139959;35.327751, 25.140124;;;https://www.google.com/maps/dir/35.327744,25.139959/35.327751,25.140124;Heraklion
35.336201, 25.122315;35.336221, 25.122478;;;https://www.google.com/maps/dir/35.336201,25.122315/35.336221,25.122478;Heraklion
35.327833, 25.148134;35.327833, 25.148299;;;https://www.google.com/maps/dir/35.327833,25.148134/35.327833,25.148299;Heraklion
35.322485, 25.142908;35.322599, 25.142916;;;https://www.google.com/maps/dir/35.322485,25.142908/35.322599,25.142916;Heraklion
35.339047, 25.150990;35.338999, 25.151144;;;https://www.google.com/maps/dir/35.339047,25.150990/35.338999,25.151144;Heraklion
35.327808, 25.135461;35.327769, 25.135302;;;https://www.google.com/maps/dir/35.327808,25.135461/35.327769,25.135302;Heraklion
35.333721, 25.143345;35.333816, 25.143463;;;https://www.google.com/maps/dir/35.333721,25.143345/35.333816,25.143463;Heraklion
35.339657, 25.128408;35.339685, 25.128408;;;https://www.google.com/maps/dir/35.339657,25.128408/35.339685,25.128408;Heraklion
35.337476, 25.157487;35.337437, 25.157329;;;https://www.google.com/maps/dir/35.337476,25.157487/35.337437,25.157329;Heraklion
35.330224, 25.123266;35.330305, 25.123399;;;https://www.google.com/maps/dir/35.330224,25.123266/35.330305,25.123399;Heraklion
35.336982, 25.162186;35.337015, 25.162026;;;https://www.google.com/maps/dir/35.336982,25.162186/35.337015,25.162026;Heraklion
35.332589, 25.139311;35.332719, 25.139354;;;https://www.google.com/maps/dir/35.332589,25.139311/35.332719,25.139354;Heraklion
35.319751, 25.142027;35.319883, 25.141993;;;https://www.google.com/maps/dir/35.319751,25.142027/35.319883,25.141993;Heraklion
35.329659, 25.153783;35.329572, 25.153909;;;https://www.google.com/maps/dir/35.329659,25.153783/35.329572,25.153909;Heraklion
35.336623, 25.131788;35.336505, 25.131708;;;https://www.google.com/maps/dir/35.336623,25.131788/35.336505,25.131708;Heraklion
35.339777, 25.138229;35.339765, 25.138394;;;https://www.google.com/maps/dir/35.339777,25.138229/35.339765,25.138394;Heraklion
35.337569, 25.145373;35.337737, 25.145447;;;https://www.google.com/maps/dir/35.337569,25.145373/35.337737,25.145447;Heraklion
35.334836, 25.164100;35.334834, 25.164265;;;https://www.google.com/maps/dir/35.334836,25.164100/35.334834,25.164265;Heraklion
35.321955, 25.149382;35.322019, 25.149392;;;https://www.google.com/maps/dir/35.321955,25.149382/35.322019,25.149392;Heraklion
35.321634, 25.140731;35.321569, 25.140655;;;https://www.google.com/maps/dir/35.321634,25.140731/35.321569,25.140655;Heraklion
35.328279, 25.134274;35.328409, 25.134317;;;https://www.google.com/maps/dir/35.328279,25.134274/35.328409,25.134317;Heraklion
35.328111, 25.140912;35.328002, 25.141009;;;https://www.google.com/maps/dir/35.328111,25.140912/35.328002,25.141009;Heraklion
35.337504, 25.149239;35.337639, 25.149249;;;https://www.google.com/maps/dir/35.337504,25.149239/35.337639,25.149249;Heraklion
35.336422, 25.128494;35.336427, 25.128615;;;https://www.google.com/maps/dir/35.336422,25.128494/35.336427,25.128615;Heraklion
35.321892, 25.147182;35.321941, 25.147306;;;https://www.google.com/maps/dir/35.321892,25.147182/35.321941,25.147306;Heraklion
35.337371, 25.160499;35.337407, 25.160659;;;https://www.google.com/maps/dir/35.337371,25.160499/35.337407,25.160659;Heraklion
35.321112, 25.151530;35.320990, 25.151599;;;https://www.google.com/maps/dir/35.321112,25.151530/35.320990,25.151599;Heraklion
35.320650, 25.146244;35.320515, 25.146239;;;https://www.google.com/maps/dir/35.320650,25.146244/35.320515,25.146239;Heraklion
35.330430, 25.129347;35.330527, 25.129345;;;https://www.google.com/maps/dir/35.330430,25.129347/35.330527,25.129345;Heraklion
35.328689, 25.157567;35.328557, 25.157603;;;https://www.google.com/maps/dir/35.328689,25.157567/35.328557,25.157603;Heraklion
35.326625, 25.139361;35.326728, 25.139468;;;https://www.google.com/maps/dir/35.326625,25.139361/35.326728,25.139468;Heraklion
35.342484, 25.153338;35.342448, 25.153343;;;https://www.google.com/maps/dir/35.342484,25.153338/35.342448,25.153343;Heraklion
35.324353, 25.143655;35.324344, 25.143668;;;https://www.google.com/maps/dir/35.324353,25.143655/35.324344,25.143668;Heraklion
35.323599, 25.146219;35.323464, 25.146212;;;https://www.google.com/maps/dir/35.323599,25.146219/35.323464,25.146212;Heraklion
35.329171, 25.150207;35.329098, 25.150346;;;https://www.google.com/maps/dir/35.329171,25.150207/35.329098,25.150346;Heraklion
35.330246, 25.151097;35.330204, 25.151188;;;https://www.google.com/maps/dir/35.330246,25.151097/35.330204,25.151188;Heraklion
35.340442, 25.125800;35.340319, 25.125755;;;https://www.google.com/maps/dir/35.340442,25.125800/35.340319,25.125755;Heraklion
35.336514, 25.131094;35.336370, 25.130995;;;https://www.google.com/maps/dir/35.336514,25.131094/35.336370,25.130995;Heraklion
35.328452, 25.141819;35.328455, 25.141984;;;https://www.google.com/maps/dir/35.328452,25.141819/35.328455,25.141984;Heraklion
35.338530, 25.137180;35.338539, 25.137281;;;https://www.google.com/maps/dir/35.338530,25.137180/35.338539,25.137281;Heraklion
35.340004, 25.132073;35.340110, 25.132145;;;https://www.google.com/maps/dir/35.340004,25.132073/35.340110,25.132145;Heraklion
35.321607, 25.150279;35.321485, 25.150208;;;https://www.google.com/maps/dir/35.321607,25.150279/35.321485,25.150208;Heraklion
35.332099, 25.143840;35.331964, 25.143831;;;https://www.google.com/maps/dir/35.332099,25.143840/35.331964,25.143831;Heraklion
35.336755, 25.138150;35.336724, 25.138203;;;https://www.google.com/maps/dir/35.336755,25.138150/35.336724,25.138203;Heraklion
35.328066, 25.159681;35.327980, 25.159710;;;https://www.google.com/maps/dir/35.328066,25.159681/35.327980,25.159710;Heraklion
35.328817, 25.130333;35.328822, 25.130346;;;https://www.google.com/maps/dir/35.328817,25.130333/35.328822,25.130346;Heraklion
35.324513, 25.139736;35.324483, 25.139575;;;https://www.google.com/maps/dir/35.324513,25.139736/35.324483,25.139575;Heraklion
35.334505, 25.160344;35.334372, 25.160368;;;https://www.google.com/maps/dir/35.334505,25.160344/35.334372,25.160368;Heraklion
35.341672, 25.158200;35.341702, 25.158361;;;https://www.google.com/maps/dir/35.341672,25.158200/35.341702,25.158361;Heraklion
35.329216, 25.159892;35.329248, 25.159927;;;https://www.google.com/maps/dir/35.329216,25.159892/35.329248,25.159927;Heraklion
35.325026, 25.136290;35.325008, 25.136454;;;https://www.google.com/maps/dir/35.325026,25.136290/35.325008,25.136454;Heraklion
35.340070, 25.131928;35.340004, 25.132073;;;https://www.google.com/maps/dir/35.340070,25.131928/35.340004,25.132073;Heraklion
39.632518, 22.432303;39.632440, 22.432445;;;https://www.google.com/maps/dir/39.632518,22.432303/39.632440,22.432445;Larissa
39.648911, 22.432120;39.648791, 22.432039;;;https://www.google.com/maps/dir/39.648911,22.432120/39.648791,22.432039;Larissa
39.633255, 22.437379;39.633126, 22.437328;;;https://www.google.com/maps/dir/39.633255,22.437379/39.633126,22.437328;Larissa
39.628604, 22.436303;39.628572, 22.436473;;;https://www.google.com/maps/dir/39.628604,22.436303/39.628572,22.436473;Larissa
39.623505, 22.418663;39.623639, 22.418640;;;https://www.google.com/maps/dir/39.623505,22.418663/39.623639,22.418640;Larissa
39.652353, 22.435279;39.652305, 22.435302;;;https://www.google.com/maps/dir/39.652353,22.435279/39.652305,22.435302;Larissa
39.627557, 22.412070;39.627445, 22.411972;;;https://www.google.com/maps/dir/39.627557,22.412070/39.627445,22.411972;Larissa
39.641264, 22.421626;39.641347, 22.421764;;;https://www.google.com/maps/dir/39.641264,22.421626/39.641347,22.421764;Larissa
39.646272, 22.427871;39.646404, 22.427903;;;https://www.google.com/maps/dir/39.646272,22.427871/39.646404,22.427903;Larissa
39.637462, 22.428414;39.637481, 22.428587;;;https://www.google.com/maps/dir/39.637462,22.428414/39.637481,22.428587;Larissa
39.646707, 22.420414;39.646766, 22.420256;;;https://www.google.com/maps/dir/39.646707,22.420414/39.646766,22.420256;Larissa
39.643701, 22.428694;39.643740, 22.428861;;;https://www.google.com/maps/dir/39.643701,22.428694/39.643740,22.428861;Larissa
39.621662, 22.408883;39.621710, 22.408920;;;https://www.google.com/maps/dir/39.621662,22.408883/39.621710,22.408920;Larissa
39.643212, 22.434983;39.643202, 22.435158;;;https://www.google.com/maps/dir/39.643212,22.434983/39.643202,22.435158;Larissa
39.641948, 22.408287;39.642083, 22.408286;;;https://www.google.com/maps/dir/39.641948,22.408287/39.642083,22.408286;Larissa
39.651706, 22.432285;39.651827, 22.432364;;;https://www.google.com/maps/dir/39.651706,22.432285/39.651827,22.432364;Larissa
39.643913, 22.434657;39.643925, 22.434483;;;https://www.google.com/maps/dir/39.643913,22.434657/39.643925,22.434483;Larissa
39.649473, 22.429496;39.649358, 22.429404;;;https://www.google.com/maps/dir/39.649473,22.429496/39.649358,22.429404;Larissa
39.632720, 22.404011;39.632724, 22.404186;;;https://www.google.com/maps/dir/39.632720,22.404011/39.632724,22.404186;Larissa
39.647965, 22.436165;39.647833, 22.436199;;;https://www.google.com/maps/dir/39.647965,22.436165/39.647833,22.436199;Larissa
39.633560, 22.409329;39.633425, 22.409347;;;https://www.google.com/maps/dir/39.633560,22.409329/39.633425,22.409347;Larissa
39.639291, 22.403745;39.639159, 22.403709;;;https://www.google.com/maps/dir/39.639291,22.403745/39.639159,22.403709;Larissa
39.629617, 22.433269;39.629490, 22.433210;;;https://www.google.com/maps/dir/39.629617,22.433269/39.629490,22.433210;Larissa
39.636598, 22.414419;39.636598, 22.414594;;;https://www.google.com/maps/dir/39.636598,22.414419/39.636598,22.414594;Larissa
39.623820, 22.407657;39.623688, 22.407624;;;https://www.google.com/maps/dir/39.623820,22.407657/39.623688,22.407624;Larissa
39.630563, 22.430640;39.630638, 22.430786;;;https://www.google.com/maps/dir/39.630563,22.430640/39.630638,22.430786;Larissa
39.642282, 22.402952;39.642254, 22.403124;;;https://www.google.com/maps/dir/39.642282,22.402952/39.642254,22.403124;Larissa
39.627821, 22.416883;39.627894, 22.416736;;;https://www.google.com/maps/dir/39.627821,22.416883/39.627894,22.416736;Larissa
39.630465, 22.431846;39.630495, 22.431687;;;https://www.google.com/maps/dir/39.630465,22.431846/39.630495,22.431687;Larissa
39.622188, 22.428828;39.622226, 22.428938;;;https://www.google.com/maps/dir/39.622188,22.428828/39.622226,22.428938;Larissa
39.628155, 22.427932;39.628209, 22.428093;;;https://www.google.com/maps/dir/39.628155,22.427932/39.628209,22.428093;Larissa
39.626253, 22.435929;39.626200, 22.436024;;;https://www.google.com/maps/dir/39.626253,22.435929/39.626200,22.436024;Larissa
39.624747, 22.424175;39.624860, 22.424081;;;https://www.google.com/maps/dir/39.624747,22.424175/39.624860,22.424081;Larissa
39.632486, 22.437402;39.632362, 22.437333;;;https://www.google.com/maps/dir/39.632486,22.437402/39.632362,22.437333;Larissa
39.638354, 22.436733;39.638396, 22.436900;;;https://www.google.com/maps/dir/39.638354,22.436733/39.638396,22.436900;Larissa
39.638562, 22.422741;39.638501, 22.422897;;;https://www.google.com/maps/dir/39.638562,22.422741/39.638501,22.422897;Larissa
39.633360, 22.439369;39.633355, 22.439544;;;https://www.google.com/maps/dir/39.633360,22.439369/39.633355,22.439544;Larissa
39.629324, 22.399154;39.629327, 22.399329;;;https://www.google.com/maps/dir/39.629324,22.399154/39.629327,22.399329;Larissa
39.629990, 22.428083;39.630117, 22.428023;;;https://www.google.com/maps/dir/39.629990,22.428083/39.630117,22.428023;Larissa
39.627863, 22.429033;39.627988, 22.428964;;;https://www.google.com/maps/dir/39.627863,22.429033/39.627988,22.428964;Larissa
39.650224, 22.430722;39.650343, 22.430804;;;https://www.google.com/maps/dir/39.650224,22.430722/39.650343,22.430804;Larissa
39.640268, 22.405198;39.640240, 22.405369;;;https://www.google.com/maps/dir/39.640268,22.405198/39.640240,22.405369;Larissa
39.629009, 22.399260;39.628877, 22.399223;;;https://www.google.com/maps/dir/39.629009,22.399260/39.628877,22.399223;Larissa
39.644289, 22.425607;39.644369, 22.425747;;;https://www.google.com/maps/dir/39.644289,22.425607/39.644369,22.425747;Larissa
39.625360, 22.431707;39.625362, 22.431728;;;https://www.google.com/maps/dir/39.625360,22.431707/39.625362,22.431728;Larissa
39.645066, 22.417354;39.645177, 22.417454;;;https://www.google.com/maps/dir/39.645066,22.417354/39.645177,22.417454;Larissa
39.641364, 22.405275;39.641232, 22.405239;;;https://www.google.com/maps/dir/39.641364,22.405275/39.641232,22.405239;Larissa
39.637982, 22.414503;39.638039, 22.414344;;;https://www.google.com/maps/dir/39.637982,22.414503/39.638039,22.414344;Larissa
39.630259, 22.435935;39.630333, 22.435789;;;https://www.google.com/maps/dir/39.630259,22.435935/39.630333,22.435789;Larissa
39.625011, 22.416330;39.625146, 22.416315;;;https://www.google.com/maps/dir/39.625011,22.416330/39.625146,22.416315;Larissa
39.621845, 22.412926;39.621941, 22.412802;;;https://www.google.com/maps/dir/39.621845,22.412926/39.621941,22.412802;Larissa
39.631284, 22.439862;39.631408, 22.439930;;;https://www.google.com/maps/dir/39.631284,22.439862/39.631408,22.439930;Larissa
39.644588, 22.425913;39.644500, 22.425780;;;https://www.google.com/maps/dir/39.644588,22.425913/39.644500,22.425780;Larissa
39.636344, 22.428981;39.636461, 22.429068;;;https://www.google.com/maps/dir/39.636344,22.428981/39.636461,22.429068;Larissa
39.636284, 22.406297;39.636419, 22.406302;;;https://www.google.com/maps/dir/39.636284,22.406297/39.636419,22.406302;Larissa
39.629173, 22.418679;39.629302, 22.418629;;;https://www.google.com/maps/dir/39.629173,22.418679/39.629302,22.418629;Larissa
39.648296, 22.429110;39.648401, 22.428999;;;https://www.google.com/maps/dir/39.648296,22.429110/39.648401,22.428999;Larissa
39.622047, 22.417996;39.621916, 22.418037;;;https://www.google.com/maps/dir/39.622047,22.417996/39.621916,22.418037;Larissa
39.626694, 22.432059;39.626790, 22.432106;;;https://www.google.com/maps/dir/39.626694,22.432059/39.626790,22.432106;Larissa
39.647732, 22.409226;39.647726, 22.409401;;;https://www.google.com/maps/dir/39.647732,22.409226/39.647726,22.409401;Larissa
39.371485, 22.927983;39.371359, 22.927922;;;https://www.google.com/maps/dir/39.371485,22.927983/39.371359,22.927922;Volos
39.370969, 22.950818;39.370892, 22.950675;;;https://www.google.com/maps/dir/39.370969,22.950818/39.370892,22.950675;Volos
39.371164, 22.929603;39.371046, 22.929688;;;https://www.google.com/maps/dir/39.371164,22.929603/39.371046,22.929688;Volos
39.365939, 22.931338;39.366059, 22.931416;;;https://www.google.com/maps/dir/39.365939,22.931338/39.366059,22.931416;Volos
39.364553, 22.930373;39.364547, 22.930547;;;https://www.google.com/maps/dir/39.364553,22.930373/39.364547,22.930547;Volos
39.368201, 22.962056;39.368327, 22.961992;;;https://www.google.com/maps/dir/39.368201,22.962056/39.368327,22.961992;Volos
39.362589, 22.937435;39.362715, 22.937371;;;https://www.google.com/maps/dir/39.362589,22.937435/39.362715,22.937371;Volos
39.363327, 22.962996;39.363201, 22.963060;;;https://www.google.com/maps/dir/39.363327,22.962996/39.363201,22.963060;Volos
39.356668, 22.958185;39.356740, 22.958038;;;https://www.google.com/maps/dir/39.356668,22.958185/39.356740,22.958038;Volos
39.361682, 22.942433;39.361629, 22.942506;;;https://www.google.com/maps/dir/39.361682,22.942433/39.361629,22.942506;Volos
39.375191, 22.936109;39.375058, 22.936135;;;https://www.google.com/maps/dir/39.375191,22.936109/39.375058,22.936135;Volos
39.366935, 22.950145;39.367016, 22.950006;;;https://www.google.com/maps/dir/39.366935,22.950145/39.367016,22.950006;Volos
39.371986, 22.927356;39.371866, 22.927436;;;https://www.google.com/maps/dir/39.371986,22.927356/39.371866,22.927436;Volos
39.363140, 22.930985;39.363193, 22.930859;;;https://www.google.com/maps/dir/39.363140,22.930985/39.363193,22.930859;Volos
39.360220, 22.963954;39.360103, 22.964043;;;https://www.google.com/maps/dir/39.360220,22.963954/39.360103,22.964043;Volos
39.374729, 22.940163;39.374811, 22.940302;;;https://www.google.com/maps/dir/39.374729,22.940163/39.374811,22.940302;Volos
39.373785, 22.930472;39.373718, 22.930321;;;https://www.google.com/maps/dir/39.373785,22.930472/39.373718,22.930321;Volos
39.371322, 22.923760;39.371333, 22.923934;;;https://www.google.com/maps/dir/39.371322,22.923760/39.371333,22.923934;Volos
39.358867, 22.926792;39.358750, 22.926879;;;https://www.google.com/maps/dir/39.358867,22.926792/39.358750,22.926879;Volos
39.351079, 22.923865;39.350988, 22.923889;;;https://www.google.com/maps/dir/39.351079,22.923865/39.350988,22.923889;Volos
39.378722, 22.936602;39.378676, 22.936438;;;https://www.google.com/maps/dir/39.378722,22.936602/39.378676,22.936438;Volos
39.366503, 22.961202;39.366578, 22.961348;;;https://www.google.com/maps/dir/39.366503,22.961202/39.366578,22.961348;Volos
39.374152, 22.947161;39.374223, 22.947309;;;https://www.google.com/maps/dir/39.374152,22.947161/39.374223,22.947309;Volos
39.356084, 22.959367;39.356157, 22.959220;;;https://www.google.com/maps/dir/39.356084,22.959367/39.356157,22.959220;Volos
39.375919, 22.956987;39.375856, 22.956833;;;https://www.google.com/maps/dir/39.375919,22.956987/39.375856,22.956833;Volos
39.373466, 22.927106;39.373536, 22.927263;;;https://www.google.com/maps/dir/39.373466,22.927106/39.373536,22.927263;Volos
39.379996, 22.940080;39.379867, 22.940133;;;https://www.google.com/maps/dir/39.379996,22.940080/39.379867,22.940133;Volos
39.364867, 22.939886;39.364749, 22.939969;;;https://www.google.com/maps/dir/39.364867,22.939886/39.364749,22.939969;Volos
39.372396, 22.934509;39.372513, 22.934423;;;https://www.google.com/maps/dir/39.372396,22.934509/39.372513,22.934423;Volos
39.363920, 22.930235;39.363800, 22.930155;;;https://www.google.com/maps/dir/39.363920,22.930235/39.363800,22.930155;Volos
39.361360, 22.928738;39.361299, 22.928894;;;https://www.google.com/maps/dir/39.361360,22.928738/39.361299,22.928894;Volos
39.370893, 22.922729;39.370863, 22.922899;;;https://www.google.com/maps/dir/39.370893,22.922729/39.370863,22.922899;Volos
39.365575, 22.960695;39.365661, 22.960561;;;https://www.google.com/maps/dir/39.365575,22.960695/39.365661,22.960561;Volos
39.362274, 22.965560;39.362333, 22.965718;;;https://www.google.com/maps/dir/39.362274,22.965560/39.362333,22.965718;Volos
39.373466, 22.924897;39.373533, 22.925049;;;https://www.google.com/maps/dir/39.373466,22.924897/39.373533,22.925049;Volos
39.355563, 22.957868;39.355676, 22.957963;;;https://www.google.com/maps/dir/39.355563,22.957868/39.355676,22.957963;Volos
39.372323, 22.925105;39.372451, 22.925053;;;https://www.google.com/maps/dir/39.372323,22.925105/39.372451,22.925053;Volos
39.374091, 22.952988;39.374018, 22.952841;;;https://www.google.com/maps/dir/39.374091,22.952988/39.374018,22.952841;Volos
39.372783, 22.937894;39.372917, 22.937866;;;https://www.google.com/maps/dir/39.372783,22.937894/39.372917,22.937866;Volos
39.359866, 22.960570;39.359752, 22.960477;;;https://www.google.com/maps/dir/39.359866,22.960570/39.359752,22.960477;Volos
39.378233, 22.935902;39.378295, 22.936057;;;https://www.google.com/maps/dir/39.378233,22.935902/39.378295,22.936057;Volos
39.365820, 22.939645;39.365890, 22.939794;;;https://www.google.com/maps/dir/39.365820,22.939645/39.365890,22.939794;Volos
39.363826, 22.945601;39.363747, 22.945743;;;https://www.google.com/maps/dir/39.363826,22.945601/39.363747,22.945743;Volos
39.373064, 22.927715;39.373183, 22.927632;;;https://www.google.com/maps/dir/39.373064,22.927715/39.373183,22.927632;Volos
39.359824, 22.936938;39.359763, 22.936782;;;https://www.google.com/maps/dir/39.359824,22.936938/39.359763,22.936782;Volos
39.351174, 22.923993;39.351323, 22.923965;;;https://www.google.com/maps/dir/39.351174,22.923993/39.351323,22.923965;Volos
39.362313, 22.926668;39.362425, 22.926572;;;https://www.google.com/maps/dir/39.362313,22.926668/39.362425,22.926572;Volos
39.360789, 22.953453;39.360896, 22.953560;;;https://www.google.com/maps/dir/39.360789,22.953453/39.360896,22.953560;Volos
39.366155, 22.932500;39.366195, 22.932667;;;https://www.google.com/maps/dir/39.366155,22.932500/39.366195,22.932667;Volos
39.366992, 22.954326;39.366883, 22.954429;;;https://www.google.com/maps/dir/39.366992,22.954326/39.366883,22.954429;Volos
