Row;City;TargetRoad;TargetHighway;DetectedRoad;DetectedHighway;Result;DistanceMeters;Bearing;Note
1;Athens;Σποράδων;residential;Σποράδων;residential;PASS;40.9;280.7;
2;Athens;Δαμάρεως;tertiary;Δαμάρεως;tertiary;PASS;75.6;103.5;
3;Athens;Παλληναίων;residential;Παλληναίων;residential;PASS;51.1;23.0;
4;Athens;Φαλήρου;residential;Φαλήρου;residential;PASS;82.7;142.9;
5;Athens;Δράκου;residential;Γαριβάλδι;tertiary;FAIL;52.6;46.0;
6;Athens;Κωνου Βεντήρη;tertiary;Κωνσταντίνου Βεντήρη;tertiary;PASS;88.5;49.5;
7;Athens;Αυλώνος;residential;Αυλώνος;residential;PASS;56.9;276.8;
8;Athens;Γεωρ Κεδρηνού;tertiary;Κεδρηνού;tertiary;PASS;17.7;352.5;
9;Athens;Αδριάς;residential;Αντιτορπιλικού Αδριάς;residential;PASS;102.5;34.6;
10;Athens;Σπετσών;tertiary;Σπετσών;tertiary;PASS;46.2;127.1;
11;Athens;Λαγκαδά;residential;Λαγκαδά;residential;PASS;52.9;246.7;
12;Athens;Λεβέντη;residential;Λεβέντη;residential;PASS;66.2;309.2;
13;Athens;Αντιμαχίδου;residential;Τυμφρηστού;residential;FAIL;163.1;66.9;
14;Athens;Χαλκιδικής;residential;Χαλκιδικής;residential;PASS;40.8;117.2;
15;Athens;Αχαρνών;primary;Αχαρνών;primary;PASS;38.0;275.5;
16;Athens;Ιοκάστης;residential;Ιοκάστης;residential;PASS;39.6;277.9;
17;Athens;Καστριώτου;residential;Γεωργίου Καστριώτου;residential;PASS;99.0;13.9;
18;Athens;Φιλαδελφέως;residential;Φιλαδελφέως;residential;PASS;46.1;97.0;
19;Athens;Γιόλδαση;pedestrian;Γιολδάση;pedestrian;PASS;31.1;10.7;
20;Athens;Λελούδα;residential;Λελούδα;residential;PASS;84.2;308.1;
21;Athens;Θήρωνος;residential;Θήρωνος;residential;PASS;50.8;327.2;
22;Athens;Υμηττού;secondary;Υμηττού;secondary;PASS;40.5;145.4;
23;Athens;Αμύνανδρου;residential;Αμυνάνδρου;residential;PASS;53.6;90.4;
24;Athens;Χέυδεν;residential;Χέυδεν;residential;PASS;42.0;10.3;
25;Athens;Νικ Γκύζη;UNKNOWN;Γύζη Νικολάου;tertiary;FAIL;53.5;89.4;
26;Athens;Λεωνίδου;residential;Λεωνίδου;residential;PASS;40.9;151.3;
27;Athens;Π Κυριακού;tertiary;Μακεδόνων;residential;FAIL;3.1;288.7;
28;Athens;Λέσβου;residential;Λέσβου;residential;PASS;45.0;11.6;
29;Athens;Κυνίσκας;residential;Κυνίσκας;residential;PASS;41.9;324.9;
30;Athens;Φαναριωτών;residential;Φαναριωτών;residential;PASS;45.8;283.6;
31;Athens;Σιμπλικίου;residential;Συμπλικίου;residential;PASS;83.1;205.7;
32;Athens;Παλαμηδίου;tertiary;Παλαμηδίου;tertiary;PASS;68.1;297.5;
33;Athens;Λεωφ Ιωνίας;residential;Ιωνίας;residential;PASS;70.3;282.4;
34;Athens;Ευριπίδου;tertiary;Ευριπίδου;tertiary;PASS;22.6;11.5;
35;Athens;Λεωφ Βασιλέως Αλεξάνδρου;residential;Βασιλέως Αλεξάνδρου;residential;PASS;38.9;56.2;
36;Athens;Σόλωνος;secondary;Σόλωνος;secondary;PASS;56.9;237.1;
37;Athens;Φορμίωνος;tertiary;Φορμίωνος;tertiary;PASS;42.2;54.7;
38;Athens;Κυδαθηναίων;pedestrian;Κυδαθηναίων;pedestrian;PASS;7.3;165.3;
39;Athens;Αχαρνών;primary;Αχαρνών;primary;PASS;48.3;282.4;
40;Athens;Φλιούντος;service;Φιλιούντος;service;PASS;51.4;194.9;
41;Athens;Βεργοβίτσης;residential;Βεργοβίτσης;residential;PASS;12.9;194.2;
42;Athens;Χρυσολωρά;residential;Χρυσολωρά;residential;PASS;77.1;327.1;
43;Athens;Καψάλη;tertiary;Καψάλη;tertiary;PASS;103.6;9.3;
44;Athens;Αλεξάνδρειας;tertiary;Αλεξανδρείας;tertiary;PASS;38.7;156.6;
45;Athens;Κρατίνου;pedestrian;Κρατίνου;pedestrian;PASS;46.4;190.9;
46;Athens;Αδελφών Εμμανουήλ;residential;Αδελφών Εμμανουήλ;residential;PASS;44.9;283.7;
47;Athens;Σπετσών;tertiary;Σπετσών;tertiary;PASS;110.0;101.1;
48;Athens;Κερκύρας;residential;Κερκύρας;residential;PASS;40.1;321.3;
49;Athens;Σοφοκλέους;residential;Σοφοκλέους;residential;PASS;42.0;204.7;
50;Athens;Αγίας Σοφίας;tertiary;Αγίας Σοφίας;tertiary;PASS;41.6;277.7;
51;Athens;Αχαρνών;primary;Αχαρνών;primary;PASS;102.1;270.3;
52;Athens;Σερρών;residential;Σερρών;residential;PASS;103.7;223.1;
53;Athens;Καλλιρόης;primary;Καλλιρόης;primary;PASS;37.4;122.0;
54;Athens;Καπετάν Βάρδα;residential;Καπετάν Βάρδα;residential;PASS;50.0;134.9;
55;Athens;Γεωρ Καφαντάρη;pedestrian;Καφαντάρη;pedestrian;PASS;43.7;54.7;
56;Athens;Βαλτετσίου;pedestrian;Βαλτετσίου;pedestrian;PASS;15.8;237.2;
57;Athens;Μισαραλιώτου;tertiary;Μισαραλιώτου;tertiary;PASS;105.3;51.6;
58;Athens;Αγγελόπουλων;service;Αγγελοπούλων;service;PASS;14.3;152.6;
59;Athens;Πετροπουλάκη;residential;Πετροπουλάκη;residential;PASS;49.0;189.2;
60;Athens;Πάρου;residential;Πάρου;residential;PASS;45.7;2.1;
61;Athens;Αμβρόσιου Φραντζή;secondary;Αμβροσίου Φραντζή;secondary;PASS;36.7;238.7;
62;Athens;Αριστογείτονος;residential;Αριστογείτονος;residential;PASS;70.8;73.7;
63;Athens;Αγησιλάου;residential;Αγησιλάου;residential;PASS;94.9;104.5;
64;Athens;Πολυκράτους;residential;Πολυκράτους;residential;PASS;76.2;217.0;
65;Athens;Ροβέρτου Γκάλι;tertiary;Ροβέρτου Γκάλλι;tertiary;PASS;68.7;359.0;
66;Athens;Πηνελώπης;service;Πηνελόπης;service;PASS;14.1;52.3;
67;Athens;Πατριάρχου Ιερεμίου;residential;UNKNOWN;UNKNOWN;FAIL;0.0;0.0;
68;Athens;Κλεοβιδος;residential;Κλεοβίδος;residential;PASS;59.1;311.3;
69;Athens;Ισαύρων;residential;Πατριάρχου Σεργίου;residential;FAIL;110.6;236.5;
70;Athens;Ευαγγέλου Γιάνναρη;pedestrian;Ευαγγέλου Γιάνναρη;pedestrian;PASS;4.8;230.3;
71;Athens;Φωκαίας;residential;Φωκαίας;residential;PASS;40.7;283.6;
72;Athens;Τζουμαγιάς;residential;UNKNOWN;UNKNOWN;FAIL;0.0;0.0;
73;Athens;Στυλιανού Λαιου;residential;Στ. Λάιου;residential;PASS;91.5;103.3;
74;Athens;Ακραγάντος;residential;Ακράγαντος;residential;PASS;72.9;8.0;
75;Athens;Κλειούς;service;Κλειούς;service;PASS;8.0;153.5;
76;Athens;Μιχαλακοπούλου;secondary;Μιχαλακοπούλου;secondary;PASS;52.2;45.1;
77;Athens;Βερναρδάκη;residential;Βερναρδάκη;residential;PASS;91.4;291.3;
78;Athens;Πρέσπας;residential;Πρέσπας;residential;PASS;25.4;190.4;
79;Athens;Θεμιστοκλέους;residential;Θεμιστοκλέους;residential;PASS;40.2;318.6;
80;Athens;Χατζηκώστα;residential;Χατζηκώστα;residential;PASS;48.8;39.6;
81;Athens;Αμφιπόλεως;residential;Αμφιπόλεως;residential;PASS;65.5;104.5;
82;Athens;Σάμου;residential;Σάμου;residential;PASS;91.3;275.1;
83;Athens;Λεμπέση;residential;Λεμπέση;residential;PASS;62.3;258.7;
84;Athens;Χειμάρρας;residential;Χειμάρρας;residential;PASS;45.7;208.0;
85;Athens;Δημαράκη;residential;Δημαράκη Γ.;residential;PASS;41.9;72.7;
86;Athens;Δούριδος;residential;Δουρίδος;residential;PASS;73.7;187.0;
87;Athens;Μιχαήλ Βόδα;residential;Μιχαήλ Βόδα;residential;PASS;48.8;272.6;
88;Athens;Πουλίου;residential;Πουλίου;residential;PASS;37.8;283.4;
89;Athens;Άρνης;living_street;Άρνης;living_street;PASS;12.1;310.2;
90;Athens;Πατησίων;primary;Πατησίων;primary;PASS;73.6;101.8;
91;Athens;Μπερόβου;residential;Μπερόβου;residential;PASS;47.2;46.4;
92;Athens;Ηρακλειδών;pedestrian;Ηρακλειδών;pedestrian;PASS;44.1;98.3;
93;Athens;Εριβοίας;service;Εριβοίας;service;PASS;29.3;45.2;
94;Athens;Αυτοκράτορος Νικολάου;residential;Αυτοκράτορος Νικολάου;residential;PASS;17.6;166.7;
95;Athens;Ιωάννου Δροσοπούλου;tertiary;Ιωάννου Δροσοπούλου;tertiary;PASS;73.6;280.5;
96;Athens;Τιμολέοντος Φιλημόνος;residential;Τιμoλέοντος Φιλήμονος;residential;PASS;38.3;102.0;
97;Athens;Μεγ Σπηλαίου;residential;Τριφυλίας;residential;FAIL;124.3;103.3;
98;Athens;Πανδώρου;residential;Πανδώρου;residential;PASS;41.4;295.0;
99;Athens;Κρέμου;residential;Κρέμου;residential;PASS;41.7;266.6;
100;Athens;Αργυρουπόλεως;secondary;Αργυρουπόλεως;secondary;PASS;63.2;87.6;
101;Athens;Ψαρών;residential;Ψαρών;residential;PASS;49.9;102.4;
102;Athens;Ριζάρη;tertiary;Ριζάρη;tertiary;PASS;171.1;49.1;
103;Athens;Λεωνίδου;residential;Λεωνίδου;residential;PASS;74.4;151.7;
104;Athens;Στυλιανού Λαιου;residential;Στ. Λάιου;residential;PASS;90.7;103.0;
105;Athens;Μήτρου Σαρκουδίνου;residential;Μήτρου Σαρκουδίνου;residential;PASS;48.1;123.2;
106;Athens;Γεράκη;residential;Γεράκη;residential;PASS;43.8;281.8;
107;Athens;Ακταίου;tertiary;Ακταίου;tertiary;PASS;67.2;282.4;
108;Athens;Πατριάρχου Φωτίου;living_street;UNKNOWN;UNKNOWN;FAIL;0.0;0.0;
109;Athens;Αναξαγόρα;residential;Αναξαγόρα;residential;PASS;79.7;11.2;
110;Athens;Στρυμώνος;residential;Στρυμώνος;residential;PASS;39.1;284.7;
111;Athens;Αγίου Πολυκάρπου;tertiary;Αγίου Πολυκάρπου;tertiary;PASS;58.2;18.7;
112;Athens;Αμασείας;residential;Αμασείας;residential;PASS;37.7;6.3;
113;Athens;Ηλιοδώρου;residential;Ηλιοδώρου;residential;PASS;53.0;7.0;
114;Athens;Δημοσθένους;residential;Δημοσθένους;residential;PASS;46.5;221.0;
115;Athens;Καλυψούς;residential;Καλυψούς;residential;PASS;61.0;228.9;
116;Athens;Μεγ Αλεξάνδρου;residential;Μεγάλου Αλεξάνδρου;residential;PASS;47.8;152.4;
117;Athens;Σπετσοπούλας;pedestrian;Σπετσοπούλας;pedestrian;PASS;12.1;207.7;
118;Athens;Πέτρας;secondary;Πέτρας;secondary;PASS;60.9;59.0;
119;Athens;Χαλκοκονδύλη;primary;Χαλκοκονδύλη;primary;PASS;66.5;154.2;
120;Athens;Δημοφώντος;residential;Δημοφώντος;residential;PASS;66.4;110.3;
121;Athens;Μαρκουπόλεως;residential;Μαριουπόλεως;residential;PASS;40.1;124.0;
122;Athens;Ηλία Ηλιού;secondary;Ηλία Ηλιού;secondary;PASS;59.7;169.7;
123;Athens;Μύλων;residential;Μύλων;residential;PASS;47.8;150.7;
124;Athens;Κουτσικάρη;residential;Κουτσικάρη;residential;PASS;40.6;281.6;
125;Athens;Ευθυμένους;service;Ευθυμένους;service;PASS;22.6;331.2;
126;Athens;Ιολάου;residential;Ιολάου;residential;PASS;56.8;344.1;
127;Athens;Λυκαβηττού;residential;Λυκαβηττού;residential;PASS;72.8;133.0;
128;Athens;Βελεστίνου;residential;Βελεστίνου;residential;PASS;56.6;310.7;
129;Athens;Χάου Σαμουήλ;service;Σαμουήλ Χάου;service;PASS;16.6;278.2;
130;Athens;Βασιλέους Αλεξάνδρου;secondary;Βασιλέως Αλεξάνδρου;secondary;PASS;80.4;235.4;
131;Athens;Καπανέως;residential;Καπανέως;residential;PASS;58.5;2.9;
132;Athens;Μυκηνών;pedestrian;Μυκηνών;pedestrian;PASS;1.8;59.0;
133;Athens;Δημητρακοπούλου;unclassified;Ν. Π. Δημητρακοπούλου;unclassified;PASS;14.6;17.7;
134;Athens;Σερίφου;residential;Σερίφου;residential;PASS;69.8;179.5;
135;Athens;Σουρή;residential;Σουρή;residential;PASS;87.2;35.3;
136;Athens;Ιθάκης;residential;Ιθάκης;residential;PASS;88.3;191.5;
137;Athens;Οστρόβου;residential;Οστρόβου;residential;PASS;53.9;40.5;
138;Athens;Π Τσαλδάρη;tertiary;Παναγή Τσαλδάρη;tertiary;PASS;78.5;238.4;
139;Athens;Δαμάρεως;residential;Δαμάρεως;residential;PASS;53.8;145.1;
140;Athens;Σαρανταπόρου;residential;Σαρανταπόρου;residential;PASS;58.4;79.0;
141;Athens;Κερατσινίου;residential;Κερατσινίου;residential;PASS;72.2;298.7;
142;Athens;Πανδώρου;residential;Πανδώρου;residential;PASS;38.8;116.7;
143;Athens;Γιαννιτσών;residential;Γιαννιτσών;residential;PASS;38.8;131.1;
144;Athens;Δέγλερη;residential;Δέγλερη;residential;PASS;44.8;283.5;
145;Athens;Πατριάρχου Ιερεμίου;residential;Πατριάρχου Ιερεμίου;residential;PASS;70.2;283.6;
146;Athens;Αναστασίου Τσόχα;tertiary;Αναστάσιου Τσόχα;tertiary;PASS;87.2;189.0;
147;Athens;Φλαμαριών;pedestrian;Φλαμαριων;pedestrian;PASS;7.2;265.8;
148;Athens;Μπούσγου;residential;Μπούσγου;residential;PASS;67.7;281.2;
149;Athens;Πικανίδη;residential;Πικανίδη;residential;PASS;107.6;11.4;
150;Athens;Γενισαρλή;residential;Γενισαρλή;residential;PASS;39.3;2.0;
151;Thessaloniki;Καλλινίκου;living_street;Καλλινίκου;living_street;PASS;11.6;183.7;
152;Thessaloniki;Αγ Δημητρίου;secondary;Αγίου Δημητρίου;secondary;PASS;52.7;41.5;
153;Thessaloniki;Μαδύτου;residential;Μαδύτου;residential;PASS;33.8;227.5;
154;Thessaloniki;Αμαλιάδος;residential;Αμαλιάδος;residential;PASS;42.5;252.2;
155;Thessaloniki;Στρ Δουμπιώτη;residential;Στρατηγού Δουμπιώτου;residential;PASS;63.5;128.0;
156;Thessaloniki;Μπιζανίου;residential;Μπιζάνιου;residential;PASS;40.8;43.0;
157;Thessaloniki;Παπαστεφάνου Γιαννουλίδη;residential;Παπαστεφάνου-Γιαννουλίδη;residential;PASS;39.7;45.4;
158;Thessaloniki;Θησέως;residential;Θησέως;residential;PASS;43.2;110.0;
159;Thessaloniki;Αγίου Παντελεήμονος;residential;Αγίου Παντελεήμονα;residential;PASS;91.3;174.8;
160;Thessaloniki;Θεμιστοκλή Σοφούλη;residential;Θεμιστοκλή Σοφούλη;residential;PASS;21.1;268.5;
161;Thessaloniki;Ίωνος Δραγούμη;residential;Ίωνος Δραγούμη;residential;PASS;47.0;306.3;
162;Thessaloniki;Ελπίδος;secondary;Ελπίδος;secondary;PASS;119.2;158.2;
163;Thessaloniki;Αναγεννήσεως;secondary;Αναγεννήσεως;secondary;PASS;179.0;303.9;
164;Thessaloniki;Καρόλου Ντηλ;residential;Καρόλου Ντηλ;residential;PASS;80.9;309.6;
165;Thessaloniki;Τσαμαδού;residential;Τσαμαδού;residential;PASS;48.1;102.3;
166;Thessaloniki;Καλλιθέας;tertiary;Καλλιθέας;tertiary;PASS;50.4;301.4;
167;Thessaloniki;Δημητρίου Γαλανάκη;residential;Δημητρίου Γαλανάκη;residential;PASS;162.7;322.1;
168;Thessaloniki;Μεγ Αλεξάνδρου;secondary_link;Μεγάλου Αλεξάνδρου;secondary_link;PASS;154.4;267.2;
169;Thessaloniki;Βερατίου;residential;Βερατίου;residential;PASS;92.5;304.5;
170;Thessaloniki;Ευκλείδη;residential;Ευκλείδη;residential;PASS;47.8;157.4;
171;Thessaloniki;Τσιμισκή;primary;Ιωάννη Τσιμισκή;primary;PASS;58.7;213.5;
172;Thessaloniki;Σοφοκλέους;residential;Σοφοκλέους;residential;PASS;61.3;83.4;
173;Thessaloniki;Ιωακείμ Γ';residential;Ιωακείμ Γ';residential;PASS;131.5;137.9;
174;Thessaloniki;Κρήτης;residential;Κρήτης;residential;PASS;111.6;218.2;
175;Thessaloniki;Θησέως;residential;Θησέως;residential;PASS;44.8;307.1;
176;Thessaloniki;Ελπίδος;secondary;Ελπίδος;secondary;PASS;136.1;0.1;
177;Thessaloniki;Αφροδίτης;residential;Αφροδίτης;residential;PASS;53.3;32.3;
178;Thessaloniki;Παναγιώτης Αφαλής;tertiary;Παναγιώτη Αφαλή;tertiary;PASS;33.5;20.2;
179;Thessaloniki;Στεγάνου Δραγούμη;secondary;Στεφάνου Δραγούμη;secondary;PASS;41.9;123.8;
180;Thessaloniki;Κουντουριώτου;residential;Κουντουριώτου;residential;PASS;60.7;307.5;
181;Thessaloniki;Κασσάνδρου;secondary;Κασσάνδρου;secondary;PASS;74.4;34.2;
182;Thessaloniki;Νικ Πλαστήρα;residential;Νικ. Πλαστήρα;residential;PASS;37.9;291.8;
183;Thessaloniki;Ευκλείδη;residential;Ευκλείδη;residential;PASS;57.4;326.4;
184;Thessaloniki;Καπετάν Θεοδωράκη;residential;Γιαλούρου;residential;FAIL;47.5;151.8;
185;Thessaloniki;Ιωαννίνων;residential;Ιωαννίνων;residential;PASS;91.3;235.0;
186;Thessaloniki;Σοφοκλέους;residential;Σοφοκλέους;residential;PASS;44.2;63.2;
187;Thessaloniki;Σαπφούς;residential;UNKNOWN;UNKNOWN;FAIL;0.0;0.0;
188;Thessaloniki;Αγ Δημητρίου;secondary;Αγίου Δημητρίου;secondary;PASS;58.9;201.5;
189;Thessaloniki;Παπαδοπούλου;residential;Αλεξάνδρας Παπαδοπούλου;residential;PASS;19.1;249.4;
190;Thessaloniki;Αντωνίου Τρανού;residential;Αντ. Τρανού;residential;PASS;45.7;134.4;
191;Thessaloniki;Αυρηλιάνης;residential;Αυρηλιανής;residential;PASS;102.0;123.5;
192;Thessaloniki;Κολοκοτρώνη;residential;Κολοκοτρώνη;residential;PASS;51.9;24.0;
193;Thessaloniki;Αλιάκμονος;residential;Αλιάκμονος;residential;PASS;67.9;71.6;
194;Thessaloniki;Μοναστηρίου;primary;Μοναστηρίου;primary;PASS;46.7;216.9;
195;Thessaloniki;Βορείου Ηπείρου;residential;Βορείου Ηπείρου;residential;PASS;47.0;253.8;
196;Thessaloniki;Αγ Δημητρίου;secondary;Αγίου Δημητρίου;secondary;PASS;52.8;215.4;
197;Thessaloniki;Ναυάρχου Κουντουριώτου;primary;Ναυάρχου Κουντουριώτου;primary;PASS;45.9;221.6;
198;Thessaloniki;Εγνατία;primary;Εγνατία;primary;PASS;51.4;35.7;
199;Thessaloniki;Βασίλειου Χατζή;residential;Βασιλείου Χατζή;residential;PASS;55.5;347.6;
200;Thessaloniki;Παπαφλέσσα;residential;Παπαφλέσσα;residential;PASS;45.5;289.4;
201;Thessaloniki;Βυζάντος Βιζυης;residential;Βιζύης Βύζαντος;residential;PASS;46.7;100.7;
202;Thessaloniki;Καστοριάς;residential;Καστοριάς;residential;PASS;71.9;196.6;
203;Thessaloniki;Αγίου Παντελεήμονος;residential;Αγίου Παντελεήμονα;residential;PASS;83.2;354.1;
204;Thessaloniki;Σβορώνου;residential;Σβορώνου;residential;PASS;89.4;222.9;
205;Thessaloniki;Καυκάσου;residential;Καυκάσου;residential;PASS;63.0;2.8;
206;Thessaloniki;Γρ Λαμπράκη;residential;Γρηγορίου Λαμπράκη;residential;PASS;235.3;68.9;
207;Thessaloniki;Στρ Τσιρογιάννη;pedestrian;Τσιρογιάννη;pedestrian;PASS;33.4;215.5;
208;Thessaloniki;Θερίσου;residential;Στράτη Μυριβήλη;residential;FAIL;29.9;50.2;
209;Thessaloniki;Ελπίδος;secondary;Ελπίδος;secondary;PASS;52.9;36.9;
210;Thessaloniki;Σκρα;residential;Σκρα;residential;PASS;7.4;220.3;
211;Thessaloniki;Ευζώνων;residential;Ευζώνων;residential;PASS;40.0;352.7;
212;Thessaloniki;Αμύντα;residential;Αμύντα;residential;PASS;68.3;304.8;
213;Thessaloniki;Αγίου Ιωάννου Θεολόγου;residential;Βίτσι;residential;FAIL;82.2;310.8;
214;Thessaloniki;Δημητσάνας;residential;Δημητσάνας;residential;PASS;43.9;54.5;
215;Thessaloniki;Προμηθέως;residential;Προμηθέως;residential;PASS;51.2;122.7;
216;Thessaloniki;Τυρολόης;residential;Μητροπολίτου Τυρολόης;residential;PASS;44.9;334.9;
217;Thessaloniki;Ολύμπου;tertiary;Ολύμπου;tertiary;PASS;49.6;214.8;
218;Thessaloniki;Πλατεία Βασ. Ρομφέη;pedestrian;Πλατεία Βασ. Ρομφέη;pedestrian;PASS;3.8;319.8;
219;Thessaloniki;28ης Οκτωβρίου;secondary;28ης Οκτωβρίου;secondary;PASS;58.4;273.5;
220;Thessaloniki;Γρ Λαμπράκη;secondary;Γρηγορίου Λαμπράκη;secondary;PASS;50.4;238.2;
221;Thessaloniki;Θάλειας;residential;Θαλείας;residential;PASS;49.6;258.9;
222;Thessaloniki;Καραόλη και Δημητρίου;secondary;Καραολή και Δημητρίου των Κυπρίων;secondary;PASS;71.7;35.1;
223;Thessaloniki;Καμέλιας;residential;Καμέλιας;residential;PASS;10.7;104.2;
224;Thessaloniki;Καρατάσου;UNKNOWN;UNKNOWN;UNKNOWN;FAIL;0.0;0.0;
225;Thessaloniki;Αλεξάνδρου Σβώλου;residential;Αλεξάνδρου Σβώλου;residential;PASS;97.8;110.1;
226;Thessaloniki;Κυκλάδων;pedestrian;Στράτωνος;pedestrian;FAIL;65.1;127.5;
227;Thessaloniki;Βασ Κωνσταντίνου;residential;Βασιλέως Κωνσταντίνου;residential;PASS;40.8;104.4;
228;Thessaloniki;Περγάμου;residential;Περγάμου;residential;PASS;184.1;217.1;
229;Thessaloniki;Ιωακείμ Σγουρού;residential;Ιωακείμ Σγουρού;residential;PASS;56.9;303.8;
230;Thessaloniki;Καραισκάκη;residential;Καραϊσκάκη;residential;PASS;75.6;99.7;
231;Thessaloniki;Αργοναυτών;residential;Αργοναυτών;residential;PASS;5.0;218.7;
232;Thessaloniki;Κερδυλλίων;residential;Κερδυλλίων;residential;PASS;65.6;113.9;
233;Thessaloniki;Λεωφ Όχι;UNKNOWN;UNKNOWN;UNKNOWN;FAIL;0.0;0.0;
234;Thessaloniki;Καλλιθέας;residential;Καλλιθέας;residential;PASS;56.3;308.9;
235;Thessaloniki;Δημ Χαλκοκονδύλη;tertiary;Χαλκοκονδύλη;tertiary;PASS;70.5;205.9;
236;Thessaloniki;Εγνατία;primary;Εγνατία;primary;PASS;215.1;216.2;
237;Thessaloniki;Μουδανιών;residential;Μουδανιών;residential;PASS;49.4;324.9;
238;Thessaloniki;Κουτήφαρη;residential;Κουτηφάρη;residential;PASS;70.9;165.3;
239;Thessaloniki;Αισώπου;residential;Αισώπου;residential;PASS;39.2;174.6;
240;Thessaloniki;Καυκάσου;residential;Καυκάσου;residential;PASS;41.8;342.3;
241;Thessaloniki;Καραβαγγέλη;residential;Καραβαγγέλη;residential;PASS;61.2;1.9;
242;Thessaloniki;Αγία Δημητρίου;residential;Πατριάρχου Γρηγορίου Ε';tertiary;FAIL;71.1;235.7;
243;Thessaloniki;Β. Μανούκα;residential;Β. Μανούκα;residential;PASS;8.4;237.4;
244;Thessaloniki;Αλκιαβιάδου;residential;Αλκιβιάδου;residential;PASS;41.5;206.0;
245;Thessaloniki;Κολοκοτρώνη;residential;Τραπεζούντος;residential;FAIL;69.8;43.3;
246;Thessaloniki;Πέραν;residential;Πέραν;residential;PASS;42.6;88.3;
247;Thessaloniki;Μιχαήλ Καραόλη;residential;Μ. Καραολή;residential;PASS;41.6;234.2;
248;Thessaloniki;Ελπίδος;secondary;Ελπίδος;secondary;PASS;111.4;5.6;
249;Thessaloniki;Αγάθωνος;tertiary;Αγάθωνος;tertiary;PASS;46.9;217.5;
250;Thessaloniki;Σκοπού;residential;Σκοπού;residential;PASS;94.5;88.8;
251;Patras;Παναχαικού;residential;Παναχαϊκού;residential;PASS;55.7;73.2;
252;Patras;Ευρυπήλου;residential;Στρατηγού Παναγόπουλου;residential;FAIL;60.6;94.3;
253;Patras;Ερμού;secondary;Ερμού;secondary;PASS;57.9;44.7;
254;Patras;Κιλκίς;tertiary;Κιλκίς;tertiary;PASS;53.8;249.6;
255;Patras;Καλαβρύτων;primary;Καλαβρύτων;primary;PASS;52.1;88.5;
256;Patras;Σουνίου;UNKNOWN;Μαιζώνος;tertiary;FAIL;119.3;95.1;
257;Patras;Αγίου Νικολάου;pedestrian;Κολοκοτρώνη;secondary;FAIL;190.5;44.7;
258;Patras;Κορυτσάς;residential;Κορυτσάς;residential;PASS;68.6;186.0;
259;Patras;Μανιακίου;residential;Μανιακίου;residential;PASS;41.0;223.5;
260;Patras;Καραμανδάνη;residential;Καραμανδάνη;residential;PASS;60.7;4.9;
261;Patras;Τριών Ναυάρχων;pedestrian;Τριών Ναυάρχων;pedestrian;PASS;20.9;225.6;
262;Patras;Κλ1;residential;ΚΛ1;residential;PASS;73.6;208.2;
263;Patras;Υπατίας;residential;Υπατίας;residential;PASS;35.8;129.7;
264;Patras;Ευπαλάμου;residential;Ευπαλάμου;residential;PASS;56.7;298.1;
265;Patras;Κωνσταντινουπόλεως;secondary;Κωνσταντινουπόλεως;secondary;PASS;39.6;108.6;
266;Patras;Αγίου Ανδρέου;secondary;Αγίου Ανδρέου;secondary;PASS;56.5;316.3;
267;Patras;Παπαφλέσσα;secondary;Παπαφλέσσα;secondary;PASS;104.0;218.7;
268;Patras;Βύρωνος;residential;Βύρωνος;residential;PASS;53.3;82.9;
269;Patras;Μαιζώνος;pedestrian;Μαιζώνος;pedestrian;PASS;38.8;315.5;
270;Patras;Γαλαξειδίου;service;Γαλαξειδίου;service;PASS;5.1;150.9;
271;Patras;12ου Συντάγματος;secondary;12ου Συντάγματος;secondary;PASS;40.3;28.5;
272;Patras;Ερμού;secondary;Ερμού;secondary;PASS;112.6;224.4;
273;Patras;Παυλόπουλου;residential;Π. Παυλόπουλου;residential;PASS;103.3;35.9;
274;Patras;Ευβοίας;residential;Εύβοιας;residential;PASS;69.3;299.8;
275;Patras;Νόρμαν;secondary;Νόρμαν;secondary;PASS;95.9;178.5;
276;Patras;Υψηλών Αλωνιών;tertiary;Τσαμαδού;residential;FAIL;81.0;241.3;
277;Patras;Ευπαλάμου;residential;Ομήρου;residential;FAIL;50.6;324.2;
278;Patras;Μαιζώνος;secondary;Μαιζώνος;secondary;PASS;42.5;278.5;
279;Patras;Γεωργ Ολυμπίου;unclassified;Γεωργίου Ολυμπίου;unclassified;PASS;58.6;8.8;
280;Patras;Άστιγγος;residential;Άστιγγος;residential;PASS;37.8;45.3;
281;Patras;Τριών Ναυάρχων;pedestrian;Τριών Ναυάρχων;pedestrian;PASS;20.8;45.2;
282;Patras;Μαραγκοπούλου;tertiary;Μαραγκόπουλου;tertiary;PASS;83.1;157.9;
283;Patras;Ζαιμη;tertiary;Ζαΐμη;tertiary;PASS;56.1;227.2;
284;Patras;Ρήγα Φεραίου;pedestrian;Ρήγα Φεραίου;pedestrian;PASS;45.6;133.1;
285;Patras;Τριών Ναυάρχων;pedestrian;Τριών Ναυάρχων;pedestrian;PASS;25.8;225.4;
286;Patras;Νόρμαν;UNKNOWN;UNKNOWN;UNKNOWN;FAIL;0.0;0.0;
287;Patras;Πάφου;residential;Πάφου;residential;PASS;47.5;108.5;
288;Patras;Φολόης;residential;Φολόης;residential;PASS;47.6;356.0;
289;Patras;Ζωοδόχου Πηγής;residential;Ζωοδόχου Πηγής;residential;PASS;54.0;22.4;
290;Patras;Φώκαιας;tertiary;Φωκαίας;tertiary;PASS;59.3;184.0;
291;Patras;Π Παυλοπούλου;residential;Π. Παυλόπουλου;residential;PASS;116.4;295.8;
292;Patras;Κωνσταντίνου Γκώτση;residential;Γκότση;residential;PASS;48.0;46.8;
293;Patras;Μαραγκοπούλου;secondary;Μαραγκόπουλου;secondary;PASS;69.2;119.5;
294;Patras;Γεωργ Ολυμπίου;residential;Γεωργίου Ολυμπίου;residential;PASS;59.3;8.6;
295;Patras;Φαβιέρου;secondary;Φαβιέρου;secondary;PASS;55.9;29.9;
296;Patras;Λύκωνος;residential;Λύκωνος;residential;PASS;62.4;174.0;
297;Patras;Κορίνθου;tertiary;Κορίνθου;tertiary;PASS;40.1;98.5;
298;Patras;Κανακάρη;primary;Κανακάρη;primary;PASS;41.7;135.4;
299;Patras;Δημ Μαξίμου;residential;Δημ. Μαξίμου;residential;PASS;69.0;359.5;
300;Patras;Πάροδος ΔΒ 5;UNKNOWN;Αρόης;residential;FAIL;107.4;123.6;
301;Patras;Λοχαγού Μενούνου;residential;Λοχαγού Μενούνου;residential;PASS;69.0;39.5;
302;Patras;Μητροπολίτη Βαρνάβα;UNKNOWN;Στρατηγού Κ. Κωνσταντινόπουλου;residential;FAIL;104.2;73.1;
303;Patras;Αγράφων;residential;Αγράφων;residential;PASS;73.8;20.4;
304;Patras;Παρνασσού;residential;Παρνασσού;residential;PASS;38.1;4.5;
305;Patras;Αρχιεπίσκοπου Ιεροθέου;tertiary;Αρχιεπισκόπου Ιεροθέου;tertiary;PASS;70.7;352.6;
306;Patras;Παναχαικού;residential;Παναχαϊκού;residential;PASS;49.8;97.8;
307;Patras;Μιχαήλ Ψελλού;residential;Μιχαήλ Ψελλού;residential;PASS;58.1;277.5;
308;Patras;Δημ Γούναρη;primary;Γούναρη;primary;PASS;81.1;226.0;
309;Patras;Κανάρη;pedestrian;Κανάρη;pedestrian;PASS;11.9;45.3;
310;Patras;Λεβιδίου;residential;Λεβιδίου;residential;PASS;39.6;120.4;
311;Patras;Χείλωνος Πατρέως;residential;Χείλωνος Πατρέων;residential;PASS;44.3;53.2;
312;Patras;Δαφνομήλη;UNKNOWN;Ναυπάκτου;residential;FAIL;297.1;58.4;
313;Patras;Λόντου;tertiary;Λόντου;tertiary;PASS;61.2;116.0;
314;Patras;Ελλήνος Στρατιώτου;secondary;Έλληνος Στρατιώτου;secondary;PASS;53.6;288.5;
315;Patras;Ευνάρδου;residential;Ευνάρδου (Νέο Τμήμα);residential;PASS;17.2;123.2;
316;Patras;Μαιζώνος;tertiary;Μαιζώνος;tertiary;PASS;45.2;262.4;
317;Patras;Κορίνθου;primary;Κορίνθου;primary;PASS;41.4;316.2;
318;Patras;Στρατού Σταμούλη;residential;Σταμούλη Στράτου;residential;PASS;42.0;17.8;
319;Patras;Κορίνθου;primary;Κορίνθου;primary;PASS;38.5;317.0;
320;Patras;Δορυλαίου;residential;Δορυλαίου;residential;PASS;37.5;171.3;
321;Patras;Διαγόρα;residential;Διαγόρα;residential;PASS;96.4;183.2;
322;Patras;Μακεδονίας;residential;Μακεδονίας;residential;PASS;53.1;108.7;
323;Patras;Μίνθης;residential;UNKNOWN;UNKNOWN;FAIL;0.0;0.0;
324;Patras;Ιπποκράτους;residential;Ιπποκράτους;residential;PASS;50.2;49.1;
325;Patras;Αράτου;residential;Αράτου;residential;PASS;75.2;45.7;
326;Patras;Ρήγα Φεραίου;tertiary;Ρήγα Φεραίου;tertiary;PASS;38.8;135.5;
327;Patras;Δίρφυς;residential;Δίρφης;residential;PASS;63.4;339.7;
328;Patras;Ηπείρου;residential;Ηπείρου;residential;PASS;50.9;107.1;
329;Patras;Κανακάρη;primary;Κανακάρη;primary;PASS;40.0;135.7;
330;Patras;28ης Οκτωβρίου;secondary;28ης Οκτωβρίου;secondary;PASS;50.8;222.9;
331;Heraklion;Λ Ικάρου;primary;Ικάρου;primary;PASS;59.7;323.6;
332;Heraklion;Μούγλων;residential;Μουγλών;residential;PASS;40.4;165.8;
333;Heraklion;Παξών;residential;Παξών;residential;PASS;75.0;91.0;
334;Heraklion;Νικολαίδου Στεφ.;residential;Νικολαίδου Στεφ.;residential;PASS;45.6;135.1;
335;Heraklion;Λυκάστου;residential;Λυκάστου;residential;PASS;52.0;181.9;
336;Heraklion;Οδός 1770;residential;Οδός 1770;residential;PASS;63.8;305.4;
337;Heraklion;Πυθέως;residential;Πυθέως;residential;PASS;38.9;81.6;
338;Heraklion;Στυλιανού κ Νικόλαου Γιαμαλάκη;UNKNOWN;Χάνδακος;pedestrian;FAIL;69.2;112.1;
339;Heraklion;Μονοφατσίου;residential;Μονοφατσίου;residential;PASS;43.0;128.9;
340;Heraklion;Κεράμου;residential;Κεράμου;residential;PASS;60.0;165.6;
341;Heraklion;Αθανάσιου Διάκου;residential;Διάκου Αθανασίου;residential;PASS;46.2;344.3;
342;Heraklion;Ισίδωρου;residential;Ισίδωρου;residential;PASS;44.3;182.8;
343;Heraklion;Πολυβίου;living_street;Πολυβίου;living_street;PASS;57.0;202.5;
344;Heraklion;Νάξου;UNKNOWN;UNKNOWN;UNKNOWN;FAIL;0.0;0.0;
345;Heraklion;Τομπάζη;residential;Τομπάζη;residential;PASS;38.1;158.2;
346;Heraklion;Πιτσουλάκη;residential;Πιτσουλάκη Ν.;residential;PASS;55.8;109.4;
347;Heraklion;Μακεδονίας;residential;Μακεδονίας;residential;PASS;46.8;145.5;
348;Heraklion;Ρόδων;residential;Ρόδων;residential;PASS;44.4;301.4;
349;Heraklion;Λούη Σπ.;residential;Λούη Σπ.;residential;PASS;141.1;71.8;
350;Heraklion;Μονής Πρέβελης;residential;Μονής Πρεβέλης;residential;PASS;47.6;334.9;
351;Heraklion;Ξενοφώντος;residential;Ξενοφώντος;residential;PASS;42.9;165.1;
352;Heraklion;Αναπαύσεως;residential;Αναπαύσεως;residential;PASS;46.0;272.3;
353;Heraklion;Μονής Στροβιλαίας;residential;Στροβιλαίας Μονής;residential;PASS;85.7;342.5;
354;Heraklion;Ρούσου Χούρδου;pedestrian;Ρούσου Χούρδου;pedestrian;PASS;51.4;333.5;
355;Heraklion;Σίβα;residential;Σίβα;residential;PASS;49.3;179.8;
356;Heraklion;Γερωνυμάκη;residential;Γερονυμάκη;residential;PASS;44.2;187.6;
357;Heraklion;Μονής Γουβερνέτου;residential;Μονής Γουβερνέτου;residential;PASS;65.7;127.3;
358;Heraklion;Μήνα Γεωργιάδου;residential;Γεωργιάδου Μηνά;residential;PASS;68.6;105.5;
359;Heraklion;Χρυσοστόμου Σμύρνης;residential;Χρυσοστόμου Σμύρνης;residential;PASS;32.3;349.6;
360;Heraklion;Αναγεννήσεως;residential;Αναγεννήσεως;residential;PASS;52.6;173.4;
361;Heraklion;Ιώνος;residential;Πικροδάφνης;residential;FAIL;82.6;205.5;
362;Heraklion;Ορακίων;UNKNOWN;UNKNOWN;UNKNOWN;FAIL;0.0;0.0;
363;Heraklion;Ειρήνης Αθηναίας;UNKNOWN;Μέλισσας;residential;FAIL;62.8;338.0;
364;Heraklion;Μούγλων;residential;Μουγλών;residential;PASS;59.5;345.6;
365;Heraklion;Δημοκρατίας;residential;Δημοκρατίας;residential;PASS;37.6;167.8;
366;Heraklion;Πολυβίου;living_street;Πολυβίου;living_street;PASS;30.6;7.5;
367;Heraklion;Παπανδρέου Ανδρ.;tertiary;Παπανδρέου Ανδρ.;tertiary;PASS;180.7;73.9;
368;Heraklion;Ισμήνης;residential;Θενών;residential;FAIL;43.0;52.9;
369;Heraklion;Ρωμανού;residential;Ρωμανού Γεωρ.;residential;PASS;64.8;325.4;
370;Heraklion;Φιλικής Εταιρίας;residential;Φιλικής Εταιρείας;residential;PASS;74.9;15.0;
371;Heraklion;Μεγ Κωνσταντίνου;residential;Μεγάλου Κωνσταντίνου;residential;PASS;42.8;270.9;
372;Heraklion;Λιλής Ζωγράφου;residential;Ζωγράφου Λιλής;residential;PASS;40.8;313.7;
373;Heraklion;Κρήνης;residential;Κρήνης;residential;PASS;39.7;13.9;
374;Heraklion;Αναγεννήσεως;residential;Αναγεννήσεως;residential;PASS;53.0;344.4;
375;Heraklion;Παρ Κνωσσού;primary;Ιδαία 1η Πάροδος;residential;FAIL;46.6;66.1;
376;Heraklion;Κονδυλάκη;tertiary;Κονδυλάκη Ιωάν.;residential;PASS;41.9;344.5;
377;Heraklion;Αγίου Τρύφωνος;residential;Αγίου Τρύφωνος;residential;PASS;41.3;346.3;
378;Heraklion;Λ Δημοκρατίας;secondary;Τριφύτσου Αντ.;residential;FAIL;93.4;265.4;
379;Heraklion;Αγίας Φιλοθέης;residential;Αγίας Φιλοθέης;residential;PASS;46.4;120.2;
380;Heraklion;Λεωφ Κνωσού;secondary;Μαργουνίου Μαξίμου;residential;FAIL;25.7;161.4;
381;Heraklion;Νάξου;UNKNOWN;UNKNOWN;UNKNOWN;FAIL;0.0;0.0;
382;Heraklion;Τυρταίου;residential;Τυρταίου;residential;PASS;50.9;31.2;
383;Heraklion;Ίμβρου;secondary;Ίμβρου;secondary;PASS;76.6;170.3;
384;Heraklion;Εμμανουήλ Κωνσταντινίδη;residential;Εμμανουήλ Κωνσταντινίδη;residential;PASS;41.8;340.3;
385;Heraklion;Γεωργιάδου Γεωρ.;tertiary;Γεωργιάδου Γεωρ.;tertiary;PASS;42.2;313.9;
386;Heraklion;Μπετεινάκη;residential;Βρυούλων;residential;FAIL;95.9;341.8;
387;Heraklion;Κατρέ;UNKNOWN;Ξάνθου Εμμ.;residential;FAIL;187.6;184.7;
388;Heraklion;Μπουρλότου Στ.;residential;Μπουρλότου Στ.;residential;PASS;56.7;297.2;
389;Heraklion;Αγίας Φιλοθέης;residential;Αγίας Φιλοθέης;residential;PASS;84.8;123.2;
390;Heraklion;Γιαννίκου;residential;Γιαννίκου;residential;PASS;58.0;271.0;
391;Larissa;Ταμπάρα;residential;Αχιλλέα Ταμπάρα;residential;PASS;42.4;229.8;
392;Larissa;Άγνωστου Στρατιώτη;residential;Αγνώστου Στρατιώτη;residential;PASS;173.2;138.3;
393;Larissa;Ηρακλείδου;residential;Ηρακλείδου;residential;PASS;48.3;359.5;
394;Larissa;Κάλβου;residential;Ανδρέα Κάλβου;residential;PASS;57.8;353.8;
395;Larissa;Ακρίτα Διγενή;residential;Διγενή Ακρίτα;residential;PASS;45.0;257.6;
396;Larissa;Αγίου Νικολάου;residential;Αγίου Νικολάου;residential;PASS;42.5;180.1;
397;Larissa;Κουτσινά;residential;Κούτσινα;residential;PASS;118.7;4.9;
398;Larissa;Παστέρ;residential;Παστέρ;residential;PASS;56.1;306.9;
399;Larissa;Λευκοθέας;residential;Λευκοθέας;residential;PASS;55.1;17.1;
400;Larissa;Εκάβης;UNKNOWN;Γοργία;residential;FAIL;95.8;174.2;
401;Larissa;Καρδίτσης;secondary;Καρδίτσης;secondary;PASS;90.0;302.8;
402;Larissa;Γεωργ Σεφέρη;tertiary;Γεωργίου Σεφέρη;tertiary;PASS;89.5;122.7;
403;Larissa;Δημόκριτου;residential;Δημοκρίτου;residential;PASS;79.1;0.5;
404;Larissa;Κενταύρων;primary;UNKNOWN;UNKNOWN;FAIL;0.0;0.0;
405;Larissa;Αγαθίου;living_street;Αγαθίου;living_street;PASS;31.6;180.2;
406;Larissa;Πρασίδου;residential;Πρασίδου;residential;PASS;60.8;274.4;
407;Larissa;Παπαναστασίου;primary;Αλέξανδρου Παπαναστασίου;primary;PASS;54.7;93.4;
408;Larissa;Παναγούλη;secondary;Αλεξάνδρου Παναγούλη;secondary;PASS;73.6;270.8;
409;Larissa;Ιάσονος;residential;Ιάσονος;residential;PASS;47.3;74.4;
410;Larissa;Καστελλίου;residential;Καστελλίου;residential;PASS;56.6;359.8;
411;Larissa;Καλαμά;residential;Καλαμά;residential;PASS;48.8;306.8;
412;Larissa;23ης Οκτωβρίου;secondary;23ης Οκτωβρίου;secondary;PASS;50.4;190.8;
413;Larissa;Στρατονίκειας;residential;Στρατονικείας;residential;PASS;61.5;110.6;
414;Larissa;Μαρκ Μπότσαρη;residential;Μάρκου Μπότσαρη;residential;PASS;47.4;88.7;
415;Larissa;Δροσιάς;residential;Δροσιάς;residential;PASS;44.5;20.5;
416;Larissa;Λεκατσά;residential;Λεκατσά;residential;PASS;41.5;281.8;
417;Larissa;Μυτιλήνης;residential;Μυτιλήνης;residential;PASS;144.0;18.6;
418;Larissa;Ανδρέα Μιαούλη;residential;Ανδρέα Μιαούλη;residential;PASS;34.2;229.3;
419;Larissa;Πηνειού;residential;Πηνειού;residential;PASS;49.3;358.8;
420;Larissa;Μανδηλαρά;tertiary;Νικηφόρου Μανδηλαρά;tertiary;PASS;38.3;180.0;
421;Larissa;Αγιάς;secondary;Αγιάς;secondary;PASS;49.5;14.6;
422;Larissa;Δημ Γληνού;residential;Γληνού;residential;PASS;75.2;191.9;
423;Larissa;Λεωνίδου;residential;Λεωνίδου;residential;PASS;11.7;271.5;
424;Larissa;Κισσάβου;residential;Κισσάβου;residential;PASS;87.8;150.0;
425;Larissa;Αγίας Μαρίνης;residential;31ης Αυγούστου;secondary;FAIL;79.4;278.1;
426;Larissa;Σαμαρίνας;residential;Σαμαρίνης;residential;PASS;71.3;273.5;
427;Larissa;Ζήλου;primary;UNKNOWN;UNKNOWN;FAIL;0.0;0.0;
428;Larissa;Αγίας Μαρίνης;residential;Αγίας Μαρίνας;residential;PASS;41.7;123.3;
429;Larissa;Ζήλου;residential;Πολυξένης Ζήλου;residential;PASS;111.3;23.9;
430;Larissa;Ζωσιμάδων;residential;Ζωσιμάδων;residential;PASS;83.2;302.9;
431;Larissa;Ομήρου;residential;Ομήρου;residential;PASS;45.2;206.4;
432;Larissa;Κουτσινά;residential;Κούτσινα;residential;PASS;75.2;358.4;
433;Larissa;Σπύρου Καλοδίκη;residential;Σπύρου Καλοδίκη;residential;PASS;69.9;59.7;
434;Larissa;Γεωρ Σεφέρη;tertiary;Γεωργίου Σεφέρη;tertiary;PASS;71.8;299.8;
435;Larissa;Χατζηαποστόλου;residential;UNKNOWN;UNKNOWN;FAIL;0.0;0.0;
436;Larissa;Φαρσάλων;UNKNOWN;UNKNOWN;UNKNOWN;FAIL;0.0;0.0;
437;Larissa;Βουτσιλά;residential;Βουτσιλά;residential;PASS;13.7;11.8;
438;Larissa;Αγρινίου;residential;Αγρινίου;residential;PASS;68.2;56.8;
439;Larissa;Άρτης;residential;Άρτης;residential;PASS;87.3;358.9;
440;Larissa;Χρηστομάνου;residential;Χρηστομάνου;residential;PASS;116.1;28.9;
441;Larissa;Αναξαγόρα;residential;Αναξαγόρα;residential;PASS;55.0;2.0;
442;Larissa;Μαλακάση;residential;Μαλακάση;residential;PASS;57.4;139.3;
443;Larissa;Αφροδίτης;pedestrian;Αφροδίτης;pedestrian;PASS;12.4;343.3;
444;Larissa;Αλεξανδρουπόλεως;residential;Αλεξανδρουπόλεως;residential;PASS;71.9;211.6;
445;Larissa;Ριζόπουλου;residential;Ριζοπούλου;residential;PASS;97.2;23.1;
446;Larissa;Καστελίου;residential;Καστελλίου;residential;PASS;57.7;185.0;
447;Larissa;Λαπιθών;pedestrian;Λαπιθών;pedestrian;PASS;16.1;96.3;
448;Larissa;Αγλαονίκης;residential;Αγλαονίκης;residential;PASS;46.6;153.1;
449;Larissa;Σπύρου Καλοδίκη;residential;UNKNOWN;UNKNOWN;FAIL;0.0;0.0;
450;Larissa;Αγνώστου Στρατιώτη;tertiary;Αγνώστου Στρατιώτη;tertiary;PASS;46.6;88.3;
451;Volos;Βουλγαροκτόνου;residential;Βουλγαροκτόνου;residential;PASS;90.7;242.6;
452;Volos;Παρασκευοπούλου;tertiary;Παρασκευοπούλου;tertiary;PASS;76.2;27.5;
453;Volos;Ανθίμου Γαζή;tertiary;Ανθίμου Γαζή;tertiary;PASS;46.3;215.2;
454;Volos;Αναγνωστοπούλου;residential;Αναγνωστόπουλου;residential;PASS;55.3;59.5;
455;Volos;Παπαδιαμάντη;tertiary;Παπαδιαμάντη;tertiary;PASS;49.6;239.5;
456;Volos;Ζάχου;residential;Αριστείδου Ζάχου;residential;PASS;41.2;334.5;
457;Volos;Αποστόλου Βολίδη;secondary;Αποστόλου Βολίδη;secondary;PASS;1.1;63.7;
458;Volos;Αγ.Δημητρίου;secondary;Αγ.Δημητρίου;secondary;PASS;128.9;359.2;
459;Volos;Τοπάλη;residential;Τοπάλη;residential;PASS;6.4;307.3;
460;Volos;Νοταρά;residential;Νοταρά;residential;PASS;66.8;27.8;
461;Volos;Ι. Καρτάλη;residential;Ι. Καρτάλη;residential;PASS;43.1;298.3;
462;Volos;Φιλαδέλφειας;residential;Φιλαδέλφειας;residential;PASS;41.0;240.4;
463;Volos;Ηφαίστου;residential;Ηφαίστου;residential;PASS;42.1;335.7;
464;Volos;Αρ Ζάχου;residential;UNKNOWN;UNKNOWN;FAIL;0.0;0.0;
465;Volos;Μπασδέκη;residential;Μπασδέκη;residential;PASS;57.3;232.9;
466;Volos;Οικονόμου;residential;Οικονόμου;residential;PASS;22.6;233.6;
467;Volos;Λαχανά;residential;Λαχανά;residential;PASS;60.0;63.0;
468;Volos;Σύρου;residential;Σύρου;residential;PASS;8.6;101.7;
469;Volos;Γαλλίας;tertiary;Γαλλίας;tertiary;PASS;43.2;31.9;
470;Volos;Οικονόμου;residential;Οικονόμου;residential;PASS;42.9;101.9;
471;Volos;Αριστοτέλους;residential;Αριστοτέλους;residential;PASS;52.5;240.9;
472;Volos;Ανθίμου Γαζή;tertiary;Ανθίμου Γαζή;tertiary;PASS;50.0;30.3;
473;Volos;Δοιράνης;residential;UNKNOWN;UNKNOWN;FAIL;0.0;0.0;
474;Volos;Παρμενίδου;residential;Παρμενίδου;residential;PASS;70.7;82.0;
475;Volos;Έλλης Λαμπέτη;residential;Έλλης Λαμπέτη;residential;PASS;47.5;186.0;
476;Volos;Οικονόμου;residential;Οικονόμου;residential;PASS;46.8;226.1;
477;Volos;Γάτσου;tertiary;Ν. Γάτσου;tertiary;PASS;114.0;339.6;
478;Volos;Ρήγα Φεραίου;pedestrian;Ρήγα Φεραίου;pedestrian;PASS;43.3;243.1;
479;Volos;Κουταρέλια;residential;Κουταρέλια;residential;PASS;38.6;270.0;
480;Volos;Καραμπατζάκη;tertiary;Καραμπατζάκη;tertiary;PASS;106.1;151.9;
481;Volos;Ρήγα Φεραίου;pedestrian;Ρήγα Φεραίου;pedestrian;PASS;39.7;35.9;
482;Volos;Χατζημιχάλη;residential;Χατζημιχάλη;residential;PASS;93.3;300.9;
483;Volos;Κρήτης;residential;Κρήτης;residential;PASS;43.0;351.0;
484;Volos;Ηφαίστου;residential;Ηφαίστου;residential;PASS;53.3;1.6;
485;Volos;Πολυμέρη;secondary;Πολυμέρη;secondary;PASS;39.5;50.1;
486;Volos;Αχιλλόπουλου;residential;Αχιλλοπούλου;residential;PASS;37.8;37.2;
487;Volos;Τραλλέων;residential;Τραλλέων;residential;PASS;112.2;334.4;
488;Volos;Ρήγα Φεραίου;residential;Ρήγα Φεραίου;residential;PASS;42.1;215.0;
489;Volos;Τσοποτού;residential;Τσοποτού;residential;PASS;125.2;46.9;
490;Volos;Κερύνειας;residential;Κερύνειας;residential;PASS;6.9;357.1;
491;Volos;Ιασωνίδη;residential;Ιασωνίδου;residential;PASS;48.4;160.8;
492;Volos;28ης Οκτωβρίου;residential;28ης Οκτωβρίου;residential;PASS;57.5;32.4;
493;Volos;Δημόπουλου;pedestrian;Αλ. Δημόπουλου;pedestrian;PASS;7.2;350.6;
494;Volos;Θρακών;residential;Θρακών;residential;PASS;22.2;218.5;
495;Volos;28ης Οκτωβρίου;residential;28ης Οκτωβρίου;residential;PASS;41.8;211.3;
496;Volos;Τέντζερη;residential;ΓΙάννη Τέντζερη;residential;PASS;44.1;147.3;
497;Volos;Κωνσταντά;tertiary;Κωνσταντά;tertiary;PASS;46.9;35.4;
498;Volos;Σολωμού;residential;Διονυσίου Σολωμού;residential;PASS;42.6;36.9;
499;Volos;Θεοφάνους Κρητός;residential;Θεοφάνους Κρητός;residential;PASS;120.5;232.5;
500;Volos;Χατζημιχάλη;residential;Χατζημιχάλη;residential;PASS;51.2;299.9;
